SET sql_mode = '';
--
-- Table structure for table `acc_coa`
--

CREATE TABLE IF NOT EXISTS `acc_coa` (
  `HeadCode` varchar(50) COLLATE utf8_unicode_ci NOT NULL,
  `HeadName` varchar(100) COLLATE utf8_unicode_ci NOT NULL,
  `PHeadName` varchar(50) COLLATE utf8_unicode_ci NOT NULL,
  `HeadLevel` int(11) NOT NULL,
  `IsActive` tinyint(1) NOT NULL,
  `IsTransaction` tinyint(1) NOT NULL,
  `IsGL` tinyint(1) NOT NULL,
  `HeadType` char(1) COLLATE utf8_unicode_ci NOT NULL,
  `IsBudget` tinyint(1) NOT NULL,
  `IsDepreciation` tinyint(1) NOT NULL,
  `DepreciationRate` decimal(18,2) NOT NULL,
  `CreateBy` varchar(50) COLLATE utf8_unicode_ci NOT NULL,
  `CreateDate` datetime NOT NULL,
  `UpdateBy` varchar(50) COLLATE utf8_unicode_ci NOT NULL,
  `UpdateDate` datetime NOT NULL,
  PRIMARY KEY (`HeadName`)
) ENGINE=InnoDB DEFAULT CHARSET=utf8 COLLATE=utf8_unicode_ci;

--
-- Dumping data for table `acc_coa`
--

INSERT INTO `acc_coa` (`HeadCode`, `HeadName`, `PHeadName`, `HeadLevel`, `IsActive`, `IsTransaction`, `IsGL`, `HeadType`, `IsBudget`, `IsDepreciation`, `DepreciationRate`, `CreateBy`, `CreateDate`, `UpdateBy`, `UpdateDate`) VALUES
('60202', 'Vendor Payable', 'Current Liabilities', 2, 1, 0, 1, 'L', 0, 0, '0.00', 'admin', '2015-10-15 19:50:43', '', '0000-00-00 00:00:00'),
('50202', 'Account Payable', 'Current Liabilities', 2, 1, 0, 1, 'L', 0, 0, '0.00', 'admin', '2015-10-15 19:50:43', '', '0000-00-00 00:00:00'),
('1', 'Assets', 'COA', 0, 1, 0, 0, 'A', 0, 0, '0.00', '', '0000-00-00 00:00:00', '', '0000-00-00 00:00:00'),
('10201', 'Cash & Cash Equivalent', 'Current Asset', 2, 1, 0, 1, 'A', 0, 0, '0.00', '2', '2019-11-24 07:55:22', 'admin', '2015-10-15 15:57:55'),
('1020102', 'Cash At Bank', 'Cash & Cash Equivalent', 3, 1, 0, 1, 'A', 0, 0, '0.00', '', '2019-11-23 10:58:48', 'admin', '2015-10-15 15:32:42'),
('1020101', 'Cash In Hand', 'Cash & Cash Equivalent', 3, 1, 1, 1, 'A', 0, 0, '0.00', '2', '2018-07-31 12:56:28', 'admin', '2016-05-23 12:05:43'),
('102', 'Current Asset', 'Assets', 1, 1, 0, 0, 'A', 0, 0, '0.00', '', '0000-00-00 00:00:00', 'admin', '2018-07-07 11:23:00'),
('502', 'Current Liabilities', 'Liabilities', 1, 1, 0, 0, 'L', 0, 0, '0.00', 'anwarul', '2014-08-30 13:18:20', 'admin', '2015-10-15 19:49:21'),
('1020301', 'Employee Receivable', 'Account Receivable', 3, 1, 0, 1, 'A', 0, 0, '0.00', '2', '2018-10-17 11:13:45', 'admin', '2018-07-07 12:31:42'),
('401', 'Employee Salary', 'Expence', 1, 1, 0, 0, 'E', 0, 0, '0.00', '2', '2019-11-24 12:15:56', '', '0000-00-00 00:00:00'),
('2', 'Equity', 'COA', 0, 1, 0, 0, 'L', 0, 0, '0.00', '', '0000-00-00 00:00:00', '', '0000-00-00 00:00:00'),
('4', 'Expence', 'COA', 0, 1, 0, 0, 'E', 0, 0, '0.00', '2', '2019-11-24 05:45:24', '', '0000-00-00 00:00:00'),
('3', 'Income', 'COA', 0, 1, 0, 0, 'I', 0, 0, '0.00', '', '0000-00-00 00:00:00', '', '0000-00-00 00:00:00'),
('5', 'Liabilities', 'COA', 0, 1, 0, 0, 'L', 0, 0, '0.00', 'admin', '2013-07-04 12:32:07', 'admin', '2015-10-15 19:46:54'),
('101', 'Non Current Assets', 'Assets', 1, 1, 0, 0, 'A', 0, 0, '0.00', '', '0000-00-00 00:00:00', 'admin', '2015-10-15 15:29:11'),
('501', 'Non Current Liabilities', 'Liabilities', 1, 1, 0, 0, 'L', 0, 0, '0.00', 'anwarul', '2014-08-30 13:18:20', 'admin', '2015-10-15 19:49:21');

-- --------------------------------------------------------

--
-- Table structure for table `acc_transaction`
--

CREATE TABLE IF NOT EXISTS `acc_transaction` (
  `ID` int(11) NOT NULL AUTO_INCREMENT,
  `VNo` varchar(50) COLLATE utf8_unicode_ci DEFAULT NULL,
  `Vtype` varchar(50) COLLATE utf8_unicode_ci DEFAULT NULL,
  `VDate` date DEFAULT NULL,
  `COAID` varchar(50) COLLATE utf8_unicode_ci NOT NULL,
  `Narration` text COLLATE utf8_unicode_ci,
  `Debit` decimal(18,2) DEFAULT NULL,
  `Credit` decimal(18,2) DEFAULT NULL,
  `StoreID` int(11) NOT NULL,
  `IsPosted` char(10) COLLATE utf8_unicode_ci DEFAULT NULL,
  `CreateBy` varchar(50) COLLATE utf8_unicode_ci DEFAULT NULL,
  `CreateDate` datetime DEFAULT NULL,
  `UpdateBy` varchar(50) COLLATE utf8_unicode_ci DEFAULT NULL,
  `UpdateDate` datetime DEFAULT NULL,
  `IsAppove` char(10) COLLATE utf8_unicode_ci DEFAULT NULL,
  UNIQUE KEY `ID` (`ID`)
) ENGINE=InnoDB DEFAULT CHARSET=utf8 COLLATE=utf8_unicode_ci;

-- --------------------------------------------------------

CREATE TABLE IF NOT EXISTS `appsetting` (
  `id` int(11) NOT NULL AUTO_INCREMENT,
  `latitude` varchar(30) DEFAULT NULL,
  `longitude` varchar(30) DEFAULT NULL,
  `acceptablerange` int(11) DEFAULT NULL,
  `googleapi_authkey` text,
  PRIMARY KEY (`id`)
) ENGINE=InnoDB AUTO_INCREMENT=3 DEFAULT CHARSET=utf8;

--
-- Dumping data for table `appsetting`
--

INSERT INTO `appsetting` (`id`, `latitude`, `longitude`, `acceptablerange`, `googleapi_authkey`) VALUES
(1, '23.829312399999996', '90.42076019999999', 20, 'Authorization: Key=AAAACc-ZrPQ:APA91bH0tBWMWQOq9l3RBXdZ9O0-g8rUhISTVgRtan_59iOuzbeuSK8bUcbHL9IBJ9B8loKTbNfXgwO1KIi6ZFfXxI0IyHvw0oIO9MOxPeovbQfNlVrye9tfocgtgCtm49Zrd-NM4_VJ');

--
-- Table structure for table `attendance_history`
--

CREATE TABLE IF NOT EXISTS `attendance_history` (
  `atten_his_id` int(11) NOT NULL AUTO_INCREMENT,
  `uid` int(11) NOT NULL,
  `id` int(11) NOT NULL DEFAULT '0',
  `state` text NOT NULL,
  `time` datetime NOT NULL,
  PRIMARY KEY (`atten_his_id`)
) ENGINE=InnoDB DEFAULT CHARSET=latin1;

-- --------------------------------------------------------

--
-- Table structure for table `award`
--

CREATE TABLE IF NOT EXISTS `award` (
  `award_id` int(11) NOT NULL AUTO_INCREMENT,
  `award_name` varchar(50) NOT NULL,
  `aw_description` varchar(200) NOT NULL,
  `awr_gift_item` varchar(50) NOT NULL,
  `date` date NOT NULL,
  `employee_id` varchar(30) NOT NULL,
  `awarded_by` varchar(30) NOT NULL,
  PRIMARY KEY (`award_id`)
) ENGINE=InnoDB DEFAULT CHARSET=latin1;

-- --------------------------------------------------------

--
-- Table structure for table `bank_information`
--

CREATE TABLE IF NOT EXISTS `bank_information` (
  `id` int(11) NOT NULL AUTO_INCREMENT,
  `bank_name` varchar(250) NOT NULL,
  `account_name` varchar(200) DEFAULT NULL,
  `account_number` varchar(100) NOT NULL,
  `branch_name` varchar(250) DEFAULT NULL,
  PRIMARY KEY (`id`)
) ENGINE=InnoDB DEFAULT CHARSET=latin1;

-- --------------------------------------------------------

--
-- Table structure for table `candidate_basic_info`
--

CREATE TABLE IF NOT EXISTS `candidate_basic_info` (
  `can_id` varchar(20) NOT NULL,
  `first_name` varchar(11) CHARACTER SET latin1 NOT NULL,
  `last_name` varchar(30) CHARACTER SET latin1 NOT NULL,
  `email` varchar(30) CHARACTER SET latin1 NOT NULL,
  `phone` varchar(20) CHARACTER SET latin1 NOT NULL,
  `alter_phone` varchar(20) CHARACTER SET latin1 NOT NULL,
  `present_address` varchar(100) CHARACTER SET latin1 NOT NULL,
  `parmanent_address` varchar(100) CHARACTER SET latin1 NOT NULL,
  `picture` text,
  `ssn` varchar(50) NOT NULL,
  `state` varchar(30) NOT NULL,
  `city` varchar(30) NOT NULL,
  `zip` int(11) NOT NULL,
  PRIMARY KEY (`can_id`)
) ENGINE=InnoDB DEFAULT CHARSET=utf8;

-- --------------------------------------------------------

--
-- Table structure for table `candidate_education_info`
--

CREATE TABLE IF NOT EXISTS `candidate_education_info` (
  `can_edu_id` int(11) NOT NULL AUTO_INCREMENT,
  `can_id` varchar(30) NOT NULL,
  `degree_name` varchar(30) CHARACTER SET latin1 NOT NULL,
  `university_name` varchar(50) CHARACTER SET latin1 NOT NULL,
  `cgp` varchar(30) CHARACTER SET latin1 NOT NULL,
  `comments` varchar(50) CHARACTER SET latin1 DEFAULT NULL,
  `sequencee` varchar(255) CHARACTER SET latin1 DEFAULT NULL,
  PRIMARY KEY (`can_edu_id`)
) ENGINE=InnoDB DEFAULT CHARSET=utf8;

-- --------------------------------------------------------

--
-- Table structure for table `candidate_interview`
--

CREATE TABLE IF NOT EXISTS `candidate_interview` (
  `can_int_id` int(11) NOT NULL AUTO_INCREMENT,
  `can_id` varchar(30) CHARACTER SET latin1 NOT NULL,
  `job_adv_id` varchar(50) CHARACTER SET latin1 NOT NULL,
  `interview_date` varchar(30) CHARACTER SET latin1 NOT NULL,
  `interviewer_id` varchar(50) CHARACTER SET latin1 NOT NULL,
  `interview_marks` varchar(50) CHARACTER SET latin1 NOT NULL,
  `written_total_marks` varchar(50) CHARACTER SET latin1 NOT NULL,
  `mcq_total_marks` varchar(50) CHARACTER SET latin1 NOT NULL,
  `total_marks` varchar(30) NOT NULL,
  `recommandation` varchar(50) CHARACTER SET latin1 NOT NULL,
  `selection` varchar(50) CHARACTER SET latin1 NOT NULL,
  `details` varchar(50) CHARACTER SET latin1 NOT NULL,
  PRIMARY KEY (`can_int_id`)
) ENGINE=InnoDB DEFAULT CHARSET=utf8;

-- --------------------------------------------------------

--
-- Table structure for table `candidate_selection`
--

CREATE TABLE IF NOT EXISTS `candidate_selection` (
  `can_sel_id` int(11) NOT NULL AUTO_INCREMENT,
  `can_id` varchar(30) CHARACTER SET latin1 NOT NULL,
  `employee_id` varchar(50) CHARACTER SET latin1 NOT NULL,
  `pos_id` varchar(30) CHARACTER SET latin1 NOT NULL,
  `selection_terms` varchar(50) CHARACTER SET latin1 DEFAULT NULL,
  PRIMARY KEY (`can_sel_id`)
) ENGINE=InnoDB DEFAULT CHARSET=utf8;

-- --------------------------------------------------------

--
-- Table structure for table `candidate_shortlist`
--

CREATE TABLE IF NOT EXISTS `candidate_shortlist` (
  `can_short_id` int(11) NOT NULL AUTO_INCREMENT,
  `can_id` varchar(30) CHARACTER SET latin1 NOT NULL,
  `job_adv_id` int(11) NOT NULL,
  `date_of_shortlist` varchar(50) CHARACTER SET latin1 NOT NULL,
  `interview_date` varchar(30) CHARACTER SET latin1 NOT NULL,
  PRIMARY KEY (`can_short_id`)
) ENGINE=InnoDB DEFAULT CHARSET=utf8;

-- --------------------------------------------------------

--
-- Table structure for table `candidate_workexperience`
--

CREATE TABLE IF NOT EXISTS `candidate_workexperience` (
  `can_workexp_id` int(11) NOT NULL AUTO_INCREMENT,
  `can_id` varchar(30) CHARACTER SET latin1 NOT NULL,
  `company_name` varchar(50) CHARACTER SET latin1 NOT NULL,
  `working_period` varchar(50) CHARACTER SET latin1 NOT NULL,
  `duties` varchar(30) CHARACTER SET latin1 NOT NULL,
  `supervisor` varchar(50) CHARACTER SET latin1 NOT NULL,
  `sequencee` varchar(10) CHARACTER SET latin1 NOT NULL,
  PRIMARY KEY (`can_workexp_id`)
) ENGINE=InnoDB DEFAULT CHARSET=utf8;

-- --------------------------------------------------------

--
-- Table structure for table `custom_table`
--

CREATE TABLE IF NOT EXISTS `custom_table` (
  `custom_id` int(11) NOT NULL AUTO_INCREMENT,
  `custom_field` varchar(100) NOT NULL,
  `custom_data_type` int(11) NOT NULL,
  `custom_data` text NOT NULL,
  `employee_id` varchar(20) NOT NULL,
  PRIMARY KEY (`custom_id`)
) ENGINE=InnoDB DEFAULT CHARSET=latin1;

-- --------------------------------------------------------

--
-- Table structure for table `department`
--

CREATE TABLE IF NOT EXISTS `department` (
  `dept_id` int(11) NOT NULL AUTO_INCREMENT,
  `department_name` varchar(100) NOT NULL,
  `parent_id` int(11) NOT NULL,
  PRIMARY KEY (`dept_id`)
) ENGINE=InnoDB DEFAULT CHARSET=latin1;

-- --------------------------------------------------------

--
-- Table structure for table `deviceinfo`
--

CREATE TABLE IF NOT EXISTS `deviceinfo` (
  `id` int(11) NOT NULL AUTO_INCREMENT,
  `device_ip` varchar(50) NOT NULL,
  PRIMARY KEY (`id`)
) ENGINE=InnoDB AUTO_INCREMENT=2 DEFAULT CHARSET=latin1;

--
-- Dumping data for table `deviceinfo`
--

INSERT INTO `deviceinfo` (`id`, `device_ip`) VALUES
(1, '192.168.1.201');

-- --------------------------------------------------------

--
-- Table structure for table `duty_type`
--

CREATE TABLE IF NOT EXISTS `duty_type` (
  `id` int(11) NOT NULL AUTO_INCREMENT,
  `type_name` varchar(30) NOT NULL,
  PRIMARY KEY (`id`)
) ENGINE=InnoDB AUTO_INCREMENT=5 DEFAULT CHARSET=latin1;

--
-- Dumping data for table `duty_type`
--

INSERT INTO `duty_type` (`id`, `type_name`) VALUES
(1, 'Full Time'),
(2, 'Part Time'),
(3, 'Contructual'),
(4, 'Other');

-- --------------------------------------------------------

--
-- Table structure for table `employee_benifit`
--

CREATE TABLE IF NOT EXISTS `employee_benifit` (
  `id` int(11) NOT NULL AUTO_INCREMENT,
  `bnf_cl_code` varchar(100) NOT NULL,
  `bnf_cl_code_des` varchar(250) NOT NULL,
  `bnff_acural_date` date NOT NULL,
  `bnf_status` tinyint(4) NOT NULL,
  `employee_id` varchar(30) NOT NULL,
  PRIMARY KEY (`id`)
) ENGINE=InnoDB DEFAULT CHARSET=latin1;

-- --------------------------------------------------------

--
-- Table structure for table `employee_equipment`
--

CREATE TABLE IF NOT EXISTS `employee_equipment` (
  `id` int(11) NOT NULL AUTO_INCREMENT,
  `employee_id` varchar(20) NOT NULL,
  `equipment_id` int(11) NOT NULL,
  `issue_date` date NOT NULL,
  `damarage_desc` text NOT NULL,
  `return_date` date NOT NULL,
  PRIMARY KEY (`id`)
) ENGINE=InnoDB DEFAULT CHARSET=latin1;

-- --------------------------------------------------------

--
-- Table structure for table `employee_history`
--

CREATE TABLE IF NOT EXISTS `employee_history` (
  `emp_his_id` int(11) NOT NULL AUTO_INCREMENT,
  `employee_id` int(11) NOT NULL,
  `employee_status` tinyint(1) NOT NULL DEFAULT 1,
  `pos_id` varchar(30) NOT NULL,
  `first_name` varchar(30) NOT NULL,
  `middle_name` varchar(50) DEFAULT NULL,
  `last_name` varchar(30) NOT NULL,
  `email` varchar(32) NOT NULL,
  `phone` varchar(30) NOT NULL,
  `alter_phone` varchar(30) NOT NULL,
  `present_address` varchar(100) DEFAULT NULL,
  `parmanent_address` varchar(100) DEFAULT NULL,
  `picture` text DEFAULT NULL,
  `degree_name` varchar(30) DEFAULT NULL,
  `university_name` varchar(50) DEFAULT NULL,
  `cgp` varchar(30) DEFAULT NULL,
  `passing_year` varchar(30) DEFAULT NULL,
  `company_name` varchar(30) DEFAULT NULL,
  `working_period` varchar(30) DEFAULT NULL,
  `duties` varchar(30) DEFAULT NULL,
  `supervisor` varchar(30) DEFAULT NULL,
  `signature` text DEFAULT NULL,
  `is_admin` int(2) NOT NULL DEFAULT 0,
  `dept_id` int(11) DEFAULT NULL,
  `division_id` int(11) NOT NULL,
  `maiden_name` varchar(50) NOT NULL,
  `state` varchar(30) NOT NULL,
  `city` varchar(30) NOT NULL,
  `zip` int(11) NOT NULL,
  `citizenship` int(11) NOT NULL,
  `duty_type` int(11) NOT NULL,
  `hire_date` date NOT NULL,
  `original_hire_date` date NOT NULL,
  `termination_date` date NOT NULL,
  `termination_reason` text NOT NULL,
  `voluntary_termination` int(11) NOT NULL,
  `rehire_date` date NOT NULL,
  `rate_type` int(11) NOT NULL,
  `rate` float NOT NULL,
  `pay_frequency` int(11) NOT NULL,
  `pay_frequency_txt` varchar(50) NOT NULL,
  `hourly_rate2` float NOT NULL,
  `hourly_rate3` float NOT NULL,
  `home_department` varchar(100) NOT NULL,
  `department_text` varchar(100) NOT NULL,
  `class_code` varchar(50) NOT NULL,
  `class_code_desc` varchar(100) NOT NULL,
  `class_acc_date` date NOT NULL,
  `class_status` tinyint(4) NOT NULL,
  `is_super_visor` int(11) DEFAULT NULL,
  `super_visor_id` varchar(30) DEFAULT NULL,
  `supervisor_report` text NOT NULL,
  `dob` date NOT NULL,
  `gender` int(11) NOT NULL,
  `marital_status` int(11) NOT NULL,
  `ethnic_group` varchar(100) NOT NULL,
  `eeo_class_gp` varchar(100) NOT NULL,
  `ssn` varchar(50) NOT NULL,
  `work_in_state` int(11) NOT NULL,
  `live_in_state` int(11) NOT NULL,
  `home_email` varchar(50) NOT NULL,
  `business_email` varchar(50) NOT NULL,
  `home_phone` varchar(30) NOT NULL,
  `business_phone` varchar(30) NOT NULL,
  `cell_phone` varchar(30) NOT NULL,
  `emerg_contct` varchar(30) NOT NULL,
  `emrg_h_phone` varchar(30) NOT NULL,
  `emrg_w_phone` varchar(30) NOT NULL,
  `emgr_contct_relation` varchar(50) NOT NULL,
  `alt_em_contct` varchar(30) NOT NULL,
  `alt_emg_h_phone` varchar(30) NOT NULL,
  `alt_emg_w_phone` varchar(30) NOT NULL,
  `password` varchar(150) DEFAULT NULL,
  PRIMARY KEY (`emp_his_id`)
) ENGINE=InnoDB  DEFAULT CHARSET=utf8;

-- --------------------------------------------------------

--
-- Table structure for table `employee_performance`
--

CREATE TABLE IF NOT EXISTS `employee_performance` (
  `emp_per_id` int(11) NOT NULL AUTO_INCREMENT,
  `employee_id` varchar(50) CHARACTER SET latin1 NOT NULL,
  `note` varchar(50) CHARACTER SET latin1 NOT NULL,
  `date` varchar(50) CHARACTER SET latin1 NOT NULL,
  `note_by` varchar(50) CHARACTER SET latin1 NOT NULL,
  `number_of_star` int(11) NOT NULL,
  `status` varchar(50) CHARACTER SET latin1 NOT NULL,
  `updated_by` varchar(50) CHARACTER SET latin1 NOT NULL,
  PRIMARY KEY (`emp_per_id`)
) ENGINE=InnoDB DEFAULT CHARSET=utf8;

-- --------------------------------------------------------

--
-- Table structure for table `employee_position`
--

CREATE TABLE IF NOT EXISTS `employee_position` (
  `emp_pos_id` int(10) UNSIGNED NOT NULL,
  `employee_id` varchar(50) CHARACTER SET latin1 NOT NULL,
  `first_name` varchar(50) CHARACTER SET latin1 NOT NULL,
  `position_name` varchar(50) CHARACTER SET latin1 NOT NULL,
  `position_details` varchar(100) CHARACTER SET latin1 NOT NULL
) ENGINE=InnoDB DEFAULT CHARSET=utf8;

-- --------------------------------------------------------

--
-- Table structure for table `employee_salary_payment`
--

CREATE TABLE IF NOT EXISTS `employee_salary_payment` (
  `emp_sal_pay_id` int(11) NOT NULL AUTO_INCREMENT,
  `employee_id` varchar(50) CHARACTER SET latin1 NOT NULL,
  `total_salary` varchar(50) CHARACTER SET latin1 NOT NULL,
  `total_working_minutes` varchar(50) CHARACTER SET latin1 NOT NULL,
  `working_period` varchar(50) CHARACTER SET latin1 NOT NULL,
  `payment_due` varchar(50) CHARACTER SET latin1 NOT NULL,
  `payment_date` varchar(50) CHARACTER SET latin1 NOT NULL,
  `salary_name` varchar(100) DEFAULT NULL,
  `payment_type` int(11) DEFAULT NULL,
  `bank_name` varchar(250) DEFAULT NULL,
  `paid_by` varchar(50) CHARACTER SET latin1 NOT NULL,
  PRIMARY KEY (`emp_sal_pay_id`)
) ENGINE=InnoDB DEFAULT CHARSET=utf8;

-- --------------------------------------------------------

--
-- Table structure for table `employee_salary_setup`
--

CREATE TABLE IF NOT EXISTS `employee_salary_setup` (
  `e_s_s_id` int(11) UNSIGNED NOT NULL AUTO_INCREMENT,
  `employee_id` varchar(30) CHARACTER SET latin1 NOT NULL,
  `sal_type` varchar(30) NOT NULL,
  `salary_type_id` varchar(30) CHARACTER SET latin1 NOT NULL,
  `amount` varchar(30) CHARACTER SET latin1 NOT NULL,
  `is_percentage` int(2) DEFAULT NULL COMMENT 'all amount will add or deduct on percent if true ',
  `create_date` date DEFAULT NULL,
  `update_date` datetime(6) DEFAULT NULL,
  `update_id` varchar(30) CHARACTER SET latin1 NOT NULL,
  `gross_salary` float NOT NULL,
  PRIMARY KEY (`e_s_s_id`)
) ENGINE=InnoDB DEFAULT CHARSET=utf8;

-- --------------------------------------------------------

--
-- Table structure for table `employee_sal_pay_type`
--

CREATE TABLE IF NOT EXISTS `employee_sal_pay_type` (
  `emp_sal_pay_type_id` int(11) UNSIGNED NOT NULL,
  `payment_period` varchar(50) CHARACTER SET latin1 NOT NULL
) ENGINE=InnoDB DEFAULT CHARSET=utf8;

-- --------------------------------------------------------

--
-- Table structure for table `emp_attendance`
--

CREATE TABLE IF NOT EXISTS `emp_attendance` (
  `att_id` int(10) UNSIGNED NOT NULL AUTO_INCREMENT,
  `employee_id` varchar(50) CHARACTER SET latin1 NOT NULL,
  `date` varchar(30) CHARACTER SET latin1 NOT NULL,
  `sign_in` varchar(30) CHARACTER SET latin1 DEFAULT NULL,
  `sign_out` varchar(30) CHARACTER SET latin1 DEFAULT NULL,
  `staytime` time DEFAULT NULL,
  PRIMARY KEY (`att_id`)
) ENGINE=InnoDB DEFAULT CHARSET=utf8;

-- --------------------------------------------------------

--
-- Table structure for table `equipment`
--

CREATE TABLE IF NOT EXISTS `equipment` (
  `equipment_id` int(11) NOT NULL AUTO_INCREMENT,
  `equipment_name` varchar(100) NOT NULL,
  `type_id` int(11) NOT NULL,
  `model` varchar(100) NOT NULL,
  `serial_no` varchar(50) NOT NULL,
  `price` varchar(11) DEFAULT NULL,
  `is_assign` tinyint(4) NOT NULL DEFAULT '0',
  PRIMARY KEY (`equipment_id`)
) ENGINE=InnoDB DEFAULT CHARSET=latin1;

-- --------------------------------------------------------

--
-- Table structure for table `equipment_type`
--

CREATE TABLE IF NOT EXISTS `equipment_type` (
  `type_id` int(11) NOT NULL AUTO_INCREMENT,
  `type_name` varchar(100) NOT NULL,
  PRIMARY KEY (`type_id`)
) ENGINE=InnoDB DEFAULT CHARSET=latin1;

-- --------------------------------------------------------

--
-- Table structure for table `expense_information`
--

CREATE TABLE IF NOT EXISTS `expense_information` (
  `id` int(11) NOT NULL AUTO_INCREMENT,
  `expense_name` varchar(200) NOT NULL,
  PRIMARY KEY (`id`)
) ENGINE=InnoDB DEFAULT CHARSET=latin1;

-- --------------------------------------------------------

--
-- Table structure for table `gender`
--

CREATE TABLE IF NOT EXISTS `gender` (
  `id` int(11) NOT NULL AUTO_INCREMENT,
  `gender_name` varchar(30) NOT NULL,
  PRIMARY KEY (`id`)
) ENGINE=InnoDB AUTO_INCREMENT=4 DEFAULT CHARSET=latin1;

--
-- Dumping data for table `gender`
--

INSERT INTO `gender` (`id`, `gender_name`) VALUES
(1, 'Male'),
(2, 'Female'),
(3, 'Other');

-- --------------------------------------------------------

--
-- Table structure for table `grand_loan`
--

CREATE TABLE IF NOT EXISTS `grand_loan` (
  `loan_id` int(11) NOT NULL AUTO_INCREMENT,
  `employee_id` varchar(50) CHARACTER SET latin1 NOT NULL,
  `permission_by` varchar(30) CHARACTER SET latin1 NOT NULL,
  `loan_details` varchar(30) CHARACTER SET latin1 NOT NULL,
  `amount` varchar(30) CHARACTER SET latin1 NOT NULL,
  `interest_rate` varchar(30) CHARACTER SET latin1 NOT NULL,
  `installment` varchar(30) CHARACTER SET latin1 NOT NULL,
  `installment_period` varchar(30) CHARACTER SET latin1 NOT NULL,
  `repayment_amount` varchar(30) CHARACTER SET latin1 NOT NULL,
  `date_of_approve` varchar(30) CHARACTER SET latin1 NOT NULL,
  `repayment_start_date` varchar(30) CHARACTER SET latin1 NOT NULL,
  `created_by` varchar(30) CHARACTER SET latin1 NOT NULL,
  `updated_by` varchar(30) CHARACTER SET latin1 NOT NULL,
  `loan_status` varchar(30) CHARACTER SET latin1 NOT NULL,
  PRIMARY KEY (`loan_id`)
) ENGINE=InnoDB DEFAULT CHARSET=utf8;

-- --------------------------------------------------------

--
-- Table structure for table `income_area`
--

CREATE TABLE IF NOT EXISTS `income_area` (
  `id` int(11) NOT NULL AUTO_INCREMENT,
  `income_field` varchar(200) NOT NULL,
  PRIMARY KEY (`id`)
) ENGINE=InnoDB DEFAULT CHARSET=latin1;

-- --------------------------------------------------------

--
-- Table structure for table `job_advertisement`
--

CREATE TABLE IF NOT EXISTS `job_advertisement` (
  `job_adv_id` int(10) UNSIGNED NOT NULL,
  `pos_id` varchar(30) CHARACTER SET latin1 NOT NULL,
  `adv_circular_date` varchar(30) CHARACTER SET latin1 NOT NULL,
  `circular_dadeline` varchar(30) CHARACTER SET latin1 NOT NULL,
  `adv_file` tinytext CHARACTER SET latin1 NOT NULL,
  `adv_details` varchar(255) CHARACTER SET latin1 NOT NULL
) ENGINE=InnoDB DEFAULT CHARSET=utf8;

-- --------------------------------------------------------

--
-- Table structure for table `language`
--

CREATE TABLE IF NOT EXISTS `language` (
  `id` int(11) NOT NULL AUTO_INCREMENT,
  `phrase` varchar(100) NOT NULL,
  `english` varchar(255) NOT NULL,
  PRIMARY KEY (`id`)
) ENGINE=InnoDB AUTO_INCREMENT=907 DEFAULT CHARSET=utf8;

--
-- Dumping data for table `language`
--

INSERT INTO `language` (`id`, `phrase`, `english`) VALUES
(2, 'login', 'Login'),
(3, 'email', 'Email Address'),
(4, 'password', 'Password'),
(5, 'reset', 'Reset'),
(6, 'dashboard', 'Dashboard'),
(7, 'home', 'Home'),
(8, 'profile', 'Profile'),
(9, 'profile_setting', 'Profile Setting'),
(10, 'firstname', 'First Name'),
(11, 'lastname', 'Last Name'),
(12, 'about', 'About'),
(13, 'preview', 'Preview'),
(14, 'image', 'Image'),
(15, 'save', 'Save'),
(16, 'upload_successfully', 'Upload Successfully!'),
(17, 'user_added_successfully', 'User Added Successfully!'),
(18, 'please_try_again', 'Please Try Again...'),
(19, 'inbox_message', 'Inbox Messages'),
(20, 'sent_message', 'Sent Message'),
(21, 'message_details', 'Message Details'),
(22, 'new_message', 'New Message'),
(23, 'receiver_name', 'Receiver Name'),
(24, 'sender_name', 'Sender Name'),
(25, 'subject', 'Subject'),
(26, 'message', 'Message'),
(27, 'message_sent', 'Message Sent!'),
(28, 'ip_address', 'IP Address'),
(29, 'last_login', 'Last Login'),
(30, 'last_logout', 'Last Logout'),
(31, 'status', 'Status'),
(32, 'delete_successfully', 'Delete Successfully!'),
(33, 'send', 'Send'),
(34, 'date', 'Date'),
(35, 'action', 'Action'),
(36, 'sl_no', 'SL No.'),
(37, 'are_you_sure', 'Are You Sure ? '),
(38, 'application_setting', 'Application Setting'),
(39, 'application_title', 'Application Title'),
(40, 'address', 'Address'),
(41, 'phone', 'Phone'),
(42, 'favicon', 'Favicon'),
(43, 'logo', 'Logo'),
(44, 'language', 'Language'),
(45, 'left_to_right', 'Left To Right'),
(46, 'right_to_left', 'Right To Left'),
(47, 'footer_text', 'Footer Text'),
(48, 'site_align', 'Application Alignment'),
(49, 'welcome_back', 'Welcome Back!'),
(50, 'please_contact_with_admin', 'Please Contact With Admin'),
(51, 'incorrect_email_or_password', 'Incorrect Email/Password'),
(52, 'select_option', 'Select Option'),
(53, 'ftp_setting', 'Data Synchronize [FTP Setting]'),
(54, 'hostname', 'Host Name'),
(55, 'username', 'User Name'),
(56, 'ftp_port', 'FTP Port'),
(57, 'ftp_debug', 'FTP Debug'),
(58, 'project_root', 'Project Root'),
(59, 'update_successfully', 'Update Successfully'),
(60, 'save_successfully', 'Save Successfully!'),
(61, 'delete_successfully', 'Delete Successfully!'),
(62, 'internet_connection', 'Internet Connection'),
(63, 'ok', 'Ok'),
(64, 'not_available', 'Not Available'),
(65, 'available', 'Available'),
(66, 'outgoing_file', 'Outgoing File'),
(67, 'incoming_file', 'Incoming File'),
(68, 'data_synchronize', 'Data Synchronize'),
(69, 'unable_to_upload_file_please_check_configuration', 'Unable to upload file! please check configuration'),
(70, 'please_configure_synchronizer_settings', 'Please configure synchronizer settings'),
(71, 'download_successfully', 'Download Successfully'),
(72, 'unable_to_download_file_please_check_configuration', 'Unable to download file! please check configuration'),
(73, 'data_import_first', 'Data Import First'),
(74, 'data_import_successfully', 'Data Import Successfully!'),
(75, 'unable_to_import_data_please_check_config_or_sql_file', 'Unable to import data! please check configuration / SQL file.'),
(76, 'download_data_from_server', 'Download Data from Server'),
(77, 'data_import_to_database', 'Data Import To Database'),
(79, 'data_upload_to_server', 'Data Upload to Server'),
(80, 'please_wait', 'Please Wait...'),
(81, 'ooops_something_went_wrong', ' Ooops something went wrong...'),
(82, 'module_permission_list', 'Module Permission List'),
(83, 'user_permission', 'User Permission'),
(84, 'add_module_permission', 'Add Module Permission'),
(85, 'module_permission_added_successfully', 'Module Permission Added Successfully!'),
(86, 'update_module_permission', 'Update Module Permission'),
(87, 'download', 'Download'),
(88, 'module_name', 'Module Name'),
(89, 'create', 'Create'),
(90, 'read', 'Read'),
(91, 'update', 'Update'),
(92, 'delete', 'Delete'),
(93, 'module_list', 'Module List'),
(94, 'add_module', 'Add Module'),
(95, 'directory', 'Module Direcotory'),
(96, 'description', 'Description'),
(97, 'image_upload_successfully', 'Image Upload Successfully!'),
(98, 'module_added_successfully', 'Module Added Successfully'),
(99, 'inactive', 'Inactive'),
(100, 'active', 'Active'),
(101, 'user_list', 'User List'),
(102, 'see_all_message', 'See All Messages'),
(103, 'setting', 'Setting'),
(104, 'logout', 'Logout'),
(105, 'admin', 'Admin'),
(106, 'add_user', 'Add User'),
(107, 'user', 'User'),
(108, 'module', 'Module'),
(109, 'new', 'New'),
(110, 'inbox', 'Inbox'),
(111, 'sent', 'Sent'),
(112, 'synchronize', 'Synchronize'),
(113, 'data_synchronizer', 'Data Synchronizer'),
(114, 'module_permission', 'Module Permission'),
(115, 'backup_now', 'Backup Now!'),
(116, 'restore_now', 'Restore Now!'),
(117, 'backup_and_restore', 'Backup and Download'),
(118, 'captcha', 'Captcha Word'),
(119, 'database_backup', 'Database Backup'),
(120, 'restore_successfully', 'Restore Successfully'),
(121, 'backup_successfully', 'Backup Successfully'),
(122, 'filename', 'File Name'),
(123, 'file_information', 'File Information'),
(124, 'size', 'size'),
(125, 'backup_date', 'Backup Date'),
(126, 'overwrite', 'Overwrite'),
(127, 'invalid_file', 'Invalid File!'),
(128, 'invalid_module', 'Invalid Module'),
(129, 'remove_successfully', 'Remove Successfully!'),
(130, 'install', 'Install'),
(131, 'uninstall', 'Uninstall'),
(132, 'tables_are_not_available_in_database', 'Tables are not available in database.sql'),
(133, 'no_tables_are_registered_in_config', 'No tables are registerd in config.php'),
(134, 'enquiry', 'Enquiry'),
(135, 'read_unread', 'Read/Unread'),
(136, 'enquiry_information', 'Enquiry Information'),
(137, 'user_agent', 'User Agent'),
(138, 'checked_by', 'Checked By'),
(139, 'new_enquiry', 'New Enquiry'),
(140, 'crud', 'Crud'),
(141, 'view', 'View'),
(142, 'name', 'Name'),
(143, 'add', 'Address'),
(144, 'ph', 'Phone'),
(145, 'cid', 'SL No'),
(146, 'view_atn', 'AttendanceView'),
(147, 'mang', 'Employemanagement'),
(148, 'designation', 'Position'),
(149, 'test', 'Test'),
(150, 'sl', 'SL'),
(151, 'bdtask', 'BDTASK'),
(152, 'practice', 'Practice'),
(153, 'branch_name', 'Branch Name'),
(154, 'chairman_name', 'Chairman'),
(155, 'b_photo', 'Photo'),
(156, 'b_address', 'Address'),
(157, 'position', 'Position'),
(158, 'advertisement', 'Advertisement'),
(159, 'position_name', 'Position'),
(160, 'position_details', 'Details'),
(161, 'circularprocess', 'Recruitment'),
(162, 'pos_id', 'Position'),
(163, 'adv_circular_date', 'Publish Date'),
(164, 'circular_dadeline', 'Dadeline'),
(165, 'adv_file', 'Documents'),
(166, 'adv_details', 'Details'),
(167, 'attendance', 'Attendance'),
(168, 'employee', 'Employee'),
(169, 'emp_id', 'Employee Name'),
(170, 'sign_in', 'Sign In'),
(171, 'sign_out', 'Sign Out'),
(172, 'staytime', 'Stay Time'),
(173, 'abc', '1'),
(174, 'first_name', 'First Name'),
(175, 'last_name', 'Last Name'),
(176, 'alter_phone', 'Alternative Phone'),
(177, 'present_address', 'Present Address'),
(178, 'parmanent_address', 'Permanent Address'),
(179, 'candidateinfo', 'Candidate Info'),
(180, 'add_advertisement', 'Add Advertisement'),
(181, 'advertisement_list', 'Manage Advertisement '),
(182, 'candidate_basic_info', 'Candidate Information'),
(183, 'can_basicinfo_list', 'Manage Candidate'),
(184, 'add_canbasic_info', 'Add New Candidate'),
(185, 'candidate_education_info', 'Candidate Educational Info'),
(186, 'can_educationinfo_list', 'Candidate Edu Info list'),
(187, 'add_edu_info', 'Add Educational Info'),
(188, 'can_id', 'Candidate Id'),
(189, 'degree_name', 'Obtained Degree'),
(190, 'university_name', 'University'),
(191, 'cgp', 'CGPA'),
(192, 'comments', 'Comments'),
(193, 'signature', 'Signature'),
(194, 'candidate_workexperience', 'Candidate Work Experience'),
(195, 'can_workexperience_list', 'Work Experience list'),
(196, 'add_can_experience', 'Add Work Experience'),
(197, 'company_name', 'Company Name'),
(198, 'working_period', 'Working Period'),
(199, 'duties', 'Duties'),
(200, 'supervisor', 'Supervisor'),
(201, 'candidate_workexpe', 'Candidate Work Experience'),
(202, 'candidate_shortlist', 'Candidate Shortlist'),
(203, 'shortlist_view', 'Manage Shortlist'),
(204, 'add_shortlist', 'Add Shortlist'),
(205, 'date_of_shortlist', 'Shortlist Date'),
(206, 'interview_date', 'Interview Date'),
(207, 'submit', 'Submit'),
(208, 'candidate_id', 'Your ID'),
(209, 'job_adv_id', 'Job Position'),
(210, 'sequence', 'Sequence'),
(211, 'candidate_interview', 'Interview'),
(212, 'interview_list', 'Interview list'),
(213, 'add_interview', 'Interview'),
(214, 'interviewer_id', 'Interviewer'),
(215, 'interview_marks', 'Viva Marks'),
(216, 'written_total_marks', 'Written Total Marks'),
(217, 'mcq_total_marks', 'MCQ Total Marks'),
(218, 'recommandation', 'Recommandation'),
(219, 'selection', 'Selection'),
(220, 'details', 'Details'),
(221, 'candidate_selection', 'Candidate Selection'),
(222, 'selection_list', 'Selection List'),
(223, 'add_selection', 'Add Selection'),
(224, 'employee_id', 'Employee Id'),
(225, 'position_id', '1'),
(226, 'selection_terms', 'Selection Terms'),
(227, 'total_marks', 'Total Marks'),
(228, 'photo', 'Picture'),
(229, 'your_id', 'Your ID'),
(230, 'change_image', 'Change Photo'),
(231, 'picture', 'Photograph'),
(232, 'ad', 'Add'),
(233, 'write_y_p_info', 'Write Your Persoanal Information'),
(234, 'emp_position', 'Employee Position'),
(235, 'add_pos', 'Add Position'),
(236, 'list_pos', 'List of Position'),
(237, 'emp_salary_stup', 'Employee Salary SetUp'),
(238, 'add_salary_stup', 'Add Salary Setup'),
(239, 'list_salarystup', 'List of Salary Setup'),
(240, 'emp_sal_name', 'Salary Name'),
(241, 'emp_sal_type', 'Salary Type'),
(242, 'emp_performance', 'Employee Performance'),
(243, 'add_performance', 'Add Performance'),
(244, 'list_performance', 'List of Performance'),
(245, 'note', 'Note'),
(246, 'note_by', 'Note By'),
(247, 'number_of_star', 'Number of Star'),
(248, 'updated_by', 'Updated By'),
(249, 'emp_sal_payment', 'Manage Employee Salary'),
(250, 'add_payment', 'Add Payment'),
(251, 'list_payment', 'List of payment'),
(252, 'total_salary', 'Total Salary'),
(253, 'total_working_minutes', 'Working Hour'),
(254, 'payment_due', 'Payment Type'),
(255, 'payment_date', 'Date'),
(256, 'paid_by', 'Paid By'),
(257, 'view_employee_payment', 'Employee Payment List'),
(258, 'sal_payment_type', 'Salary Payment Type'),
(259, 'add_payment_type', 'Add Payment Type'),
(260, 'list_payment_type', 'List of Payment Type'),
(261, 'payment_period', 'Payment Period'),
(262, 'payment_type', 'Payment Type'),
(263, 'time', 'Punch Time'),
(264, 'shift', 'Shift'),
(265, 'location', 'Location'),
(266, 'logtype', 'Log Type'),
(267, 'branch', 'Location'),
(268, 'student', 'Students'),
(269, 'csv', 'CSV'),
(270, 'save_successfull', 'Your Data Save Successfully'),
(271, 'successfully_updated', 'Your Data Successfully Updated'),
(272, 'atn_form', 'Attendance Form'),
(273, 'atn_report', 'Attendance Reports'),
(274, 'end_date', 'To'),
(275, 'start_date', 'From'),
(276, 'done', 'Done'),
(277, 'employee_id_se', 'Write Employee Id or name here '),
(278, 'attendance_repor', 'Attendance Report'),
(279, 'e_time', 'End Time'),
(280, 's_time', 'Start Time'),
(281, 'atn_datewiserer', 'Date Wise Report'),
(282, 'atn_report_id', 'Date And Id base Report'),
(283, 'atn_report_time', 'Date And Time report'),
(284, 'payroll', 'Payroll'),
(285, 'loan', 'Loan'),
(286, 'loan_grand', 'Grant Loan'),
(287, 'add_loan', 'Add Loan'),
(288, 'loan_list', 'List of Loan'),
(289, 'loan_details', 'Loan Details'),
(290, 'amount', 'Amount'),
(291, 'interest_rate', 'Interest Percentage'),
(292, 'installment_period', 'Installment Period'),
(293, 'repayment_amount', 'Repayment Total'),
(294, 'date_of_approve', 'Approve Date'),
(295, 'repayment_start_date', 'Repayment From'),
(296, 'permission_by', 'Permitted By'),
(297, 'grand', 'Grant'),
(298, 'installment', 'Installment'),
(299, 'loan_status', 'status'),
(300, 'installment_period_m', 'Installment Period in Month'),
(301, 'successfully_inserted', 'Your loan Successfully Granted'),
(302, 'loan_installment', 'Loan Installment'),
(303, 'add_installment', 'Add Installment'),
(304, 'installment_list', 'List of Installment'),
(305, 'loan_id', 'Loan No'),
(306, 'installment_amount', 'Installment Amount'),
(307, 'payment', 'Payment'),
(308, 'received_by', 'Receiver'),
(309, 'installment_no', 'Install No'),
(310, 'notes', 'Notes'),
(311, 'paid', 'Paid'),
(312, 'loan_report', 'Loan Report'),
(313, 'e_r_id', 'Enter Your Employee ID'),
(314, 'leave', 'Leave'),
(315, 'add_leave', 'Add Leave'),
(316, 'list_leave', 'List of Leave'),
(317, 'dayname', 'Weekly Leave Day'),
(318, 'holiday', 'Holiday'),
(319, 'list_holiday', 'List of Holidays'),
(320, 'no_of_days', 'Number of Days'),
(321, 'holiday_name', 'Holiday Name'),
(322, 'set', 'SET'),
(323, 'tax', 'Tax'),
(324, 'tax_setup', 'Tax Setup'),
(325, 'add_tax_setup', 'Add Tax Setup'),
(326, 'list_tax_setup', 'List of Tax setup'),
(327, 'tax_collection', 'Tax collection'),
(328, 'start_amount', 'Start Amount'),
(329, 'end_amount', 'End Amount'),
(330, 'rate', 'Tax Rate'),
(331, 'date_start', 'Date Start'),
(332, 'amount_tax', 'Tax Amount'),
(333, 'collection_by', 'Collection By'),
(334, 'date_end', 'Date End'),
(335, 'income_net_period', 'Income  Net period'),
(336, 'default_amount', 'Default Amount'),
(337, 'add_sal_type', 'Add Salary Type'),
(338, 'list_sal_type', 'Salary Type List'),
(339, 'salary_type_setup', 'Salary Type Setup'),
(340, 'salary_setup', 'Salary SetUp'),
(341, 'add_sal_setup', 'Add Salary Setup'),
(342, 'list_sal_setup', 'Salary Setup List'),
(343, 'salary_type_id', 'Salary Type'),
(344, 'salary_generate', 'Salary Generate'),
(345, 'add_sal_generate', 'Generate Now'),
(346, 'list_sal_generate', 'Generated Salary List'),
(347, 'gdate', 'Generate Date'),
(348, 'start_dates', 'Start Date'),
(349, 'generate', 'Generate '),
(350, 'successfully_saved_saletup', ' Set up Successfull'),
(351, 's_date', 'Start Date'),
(352, 'e_date', 'End Date'),
(353, 'salary_payable', 'Payable Salary'),
(354, 'tax_manager', 'Tax'),
(355, 'generate_by', 'Generate By'),
(356, 'successfully_paid', 'Successfully Paid'),
(357, 'direct_empl', ' Employee'),
(358, 'add_emp_info', 'Add New Employee'),
(359, 'new_empl_pos', 'Add New Employee Position'),
(360, 'manage', 'Manage Position'),
(361, 'ad_advertisement', 'ADD POSITION'),
(362, 'moduless', 'Modules'),
(363, 'next', 'Next'),
(364, 'finish', 'Finish'),
(365, 'request', 'Request'),
(366, 'successfully_saved', 'Your Data Successfully Saved'),
(367, 'sal_type', 'Salary Type'),
(368, 'sal_name', 'Salary Name'),
(369, 'leave_application', 'Leave Application'),
(370, 'apply_strt_date', 'Application Start Date'),
(371, 'apply_end_date', 'Application End date'),
(372, 'leave_aprv_strt_date', 'Approve Start Date'),
(373, 'leave_aprv_end_date', 'Approved End Date'),
(374, 'num_aprv_day', 'Aproved Day'),
(375, 'reason', 'Reason'),
(376, 'approve_date', 'Approved Date'),
(377, 'leave_type', 'Leave Type'),
(378, 'apply_hard_copy', 'Application Hard Copy'),
(379, 'approved_by', 'Approved By'),
(380, 'notice', 'Notice Board'),
(381, 'noticeboard', 'Notice Board'),
(382, 'notice_descriptiion', 'Description'),
(383, 'notice_date', 'Notice Date'),
(384, 'notice_type', 'Notice Type'),
(385, 'notice_by', 'Notice By'),
(386, 'notice_attachment', 'Attachment'),
(387, 'account_name', 'Account Name'),
(388, 'account_type', 'Account Type'),
(389, 'account_id', 'Account Name'),
(390, 'transaction_description', 'Description'),
(391, 'payment_id', 'Payment'),
(392, 'create_by_id', 'Created By'),
(393, 'account', 'Account'),
(394, 'account_add', 'Add Account'),
(395, 'account_transaction', 'Transaction'),
(396, 'award', 'Award'),
(397, 'new_award', 'New Award'),
(398, 'award_name', 'Award Name'),
(399, 'aw_description', 'Award Description'),
(400, 'awr_gift_item', 'Gift Item'),
(401, 'awarded_by', 'Award By'),
(402, 'employee_name', 'Employee Name'),
(403, 'employee_list', 'Atn List'),
(404, 'department', 'Department'),
(405, 'department_name', 'Department Name '),
(406, 'clockout', 'ClockOut'),
(407, 'se_account_id', 'Select Account Name'),
(408, 'division', 'Division'),
(409, 'add_division', 'Add Division'),
(410, 'update_division', 'Update Division'),
(411, 'division_name', 'Division Name'),
(412, 'division_list', 'Manage Division '),
(413, 'designation_list', 'Position List'),
(414, 'manage_designation', 'Manage Position'),
(415, 'add_designation', 'Add Position'),
(416, 'select_division', 'Select Division'),
(417, 'select_designation', 'Select Position'),
(418, 'asset', 'Asset'),
(419, 'asset_type', 'Asset Type'),
(420, 'add_type', 'Add Type'),
(421, 'type_list', 'Type List'),
(422, 'type_name', 'Type Name'),
(423, 'select_type', 'Select Type'),
(424, 'equipment_name', 'Equipment Name'),
(425, 'model', 'Model'),
(426, 'serial_no', 'Serial No'),
(427, 'equipment', 'Equipment'),
(428, 'add_equipment', 'Add Equipment'),
(429, 'equipment_list', 'Equipment List'),
(430, 'type', 'Type'),
(431, 'equipment_maping', 'Equipment Mapping'),
(432, 'add_maping', 'Add Mapping'),
(433, 'maping_list', 'Mapping List'),
(434, 'update_equipment', 'Update Equipment'),
(435, 'select_employee', 'Select Employee'),
(436, 'select_equipment', 'Select Equipment'),
(437, 'basic_info', 'Basic Info'),
(438, 'middle_name', 'Middle Name'),
(439, 'state', 'Country'),
(440, 'city', 'City'),
(441, 'zip_code', 'Zip Code'),
(442, 'maiden_name', 'Maiden Name'),
(443, 'add_employee', 'Add Employee'),
(444, 'manage_employee', 'Manage Employee'),
(445, 'employee_update_form', 'Employee Update Form'),
(446, 'what_you_search', 'What You Search'),
(447, 'search', 'Search'),
(448, 'duty_type', 'Duty Type'),
(449, 'hire_date', 'Hire Date'),
(450, 'original_h_date', 'Original Hire Date'),
(451, 'voluntary_termination', 'Voluntary Termination'),
(452, 'termination_reason', 'Termination Reason'),
(453, 'termination_date', 'Termination Date'),
(454, 're_hire_date', 'Re Hire Date'),
(455, 'rate_type', 'Rate Type'),
(456, 'pay_frequency', 'Pay Frequency'),
(457, 'pay_frequency_txt', 'Pay Frequency Text'),
(458, 'hourly_rate2', 'Hourly rate2'),
(459, 'hourly_rate3', 'Hourly Rate3'),
(460, 'home_department', 'Home Department'),
(461, 'department_text', 'Department Text'),
(462, 'benifit_class_code', 'Benefit Class code'),
(463, 'benifit_desc', 'Benefit Description'),
(464, 'benifit_acc_date', 'Benefit Accrual Date'),
(465, 'benifit_sta', 'Benefit Status'),
(466, 'super_visor_name', 'Supervisor Name'),
(467, 'is_super_visor', 'Is Supervisor'),
(468, 'supervisor_report', 'Supervisor Report'),
(469, 'dob', 'Date of Birth'),
(470, 'gender', 'Gender'),
(471, 'marital_stats', 'Marital Status'),
(472, 'ethnic_group', 'Ethnic Group'),
(473, 'eeo_class_gp', 'EEO Class'),
(474, 'ssn', 'SSN'),
(475, 'work_in_state', 'Work in State'),
(476, 'live_in_state', 'Live in State'),
(477, 'home_email', 'Home Email'),
(478, 'business_email', 'Business Email'),
(479, 'home_phone', 'Home Phone'),
(480, 'business_phone', 'Business Phone'),
(481, 'cell_phone', 'Cell Phone'),
(482, 'emerg_contct', 'Emergency Contact'),
(483, 'emerg_home_phone', 'Emergency Home Phone'),
(484, 'emrg_w_phone', 'Emergency Work Phone'),
(485, 'emer_con_rela', 'Emergency Contact Relation'),
(486, 'alt_em_contct', 'Alter Emergency Contact'),
(487, 'alt_emg_h_phone', 'Alt Emergency Home Phone'),
(488, 'alt_emg_w_phone', 'Alt Emergency  Work Phone'),
(489, 'reports', 'Reports'),
(490, 'employee_reports', 'Employee Reports'),
(491, 'demographic_report', 'Demographic Report'),
(492, 'posting_report', 'Positional Report'),
(493, 'custom_report', 'Custom Report'),
(494, 'benifit_report', 'Benefit Report'),
(495, 'demographic_info', 'Demographical Information'),
(496, 'positional_info', 'Positional Information'),
(497, 'assets_info', 'Assets Information'),
(498, 'custom_field', 'Custom Field'),
(499, 'custom_value', 'Custom Data'),
(500, 'adhoc_report', 'Adhoc Report'),
(501, 'asset_assignment', 'Asset Assignment'),
(502, 'assign_asset', 'Assign Assets'),
(503, 'assign_list', 'Assign List'),
(504, 'update_assign', 'Update Assign'),
(505, 'citizenship', 'Citizenship'),
(506, 'class_sta', 'Class status'),
(507, 'class_acc_date', 'Class Accrual date'),
(508, 'class_descript', 'Class Description'),
(509, 'class_code', 'Class Code'),
(510, 'return_asset', 'Return Assets'),
(511, 'dept_id', 'Department ID'),
(512, 'parent_id', 'Parent ID'),
(513, 'equipment_id', 'Equipment ID'),
(514, 'issue_date', 'Issue Date'),
(515, 'damarage_desc', 'Damarage Description'),
(516, 'return_date', 'Return Date'),
(517, 'is_assign', 'Is Assign'),
(518, 'emp_his_id', 'Employee History ID'),
(519, 'damarage_descript', 'Damage Description'),
(520, 'return', 'Return'),
(521, 'return_successfull', 'Return Successfull'),
(522, 'return_list', 'Return List'),
(523, 'custom_data', 'Custom Data'),
(524, 'passing_year', 'Passing Year'),
(525, 'is_admin', 'Is Admin'),
(526, 'zip', 'Zip Code'),
(527, 'original_hire_date', 'Original Hire Date'),
(528, 'rehire_date', 'Rehire Date'),
(529, 'class_code_desc', 'Class Code Description'),
(530, 'class_status', 'Class Status'),
(531, 'super_visor_id', 'Supervisor ID'),
(532, 'marital_status', 'Marital Status'),
(533, 'emrg_h_phone', 'Emergency Home Phone'),
(534, 'emgr_contct_relation', 'Emergency Contact Relation'),
(535, 'id', 'ID'),
(536, 'type_id', 'Equipment Type'),
(537, 'custom_id', 'Custom ID'),
(538, 'custom_data_type', 'Custom Data Type'),
(539, 'role_permission', 'Role Permission'),
(540, 'permission_setup', 'Permission Setup'),
(541, 'add_role', 'Add Role'),
(542, 'role_list', 'Role List'),
(543, 'user_access_role', 'User Access Role'),
(544, 'menu_item_list', 'Menu Item List'),
(545, 'ins_menu_for_application', 'Ins Menu  For Application'),
(546, 'menu_title', 'Menu Title'),
(547, 'page_url', 'Page Url'),
(548, 'parent_menu', 'Parent Menu'),
(549, 'role', 'Role'),
(550, 'role_name', 'Role Name'),
(551, 'single_checkin', 'Single Check In'),
(552, 'bulk_checkin', 'Bulk Check In'),
(553, 'manage_attendance', 'Manage Attendance'),
(554, 'attendance_list', 'Attendance List'),
(555, 'checkin', 'Check In'),
(556, 'checkout', 'Check Out'),
(557, 'stay', 'Stay'),
(558, 'attendance_report', 'Attendance Report'),
(559, 'work_hour', 'Work Hour'),
(560, 'cancel', 'Cancel'),
(561, 'confirm_clock', 'Confirm Checkout'),
(562, 'add_attendance', 'Add Attendance'),
(563, 'upload_csv', 'Upload CSV'),
(564, 'import_attendance', 'Import Attendance'),
(565, 'manage_account', 'Manage Account'),
(566, 'add_account', 'Add Account'),
(567, 'add_new_account', 'Add New Account'),
(568, 'account_details', 'Account Details'),
(569, 'manage_transaction', 'Manage Transaction'),
(570, 'add_expence', 'Add Experience'),
(571, 'add_income', 'Add Income'),
(572, 'return_now', 'Return Now !!'),
(573, 'manage_award', 'Manage Award'),
(574, 'add_new_award', 'Add New Award'),
(575, 'personal_information', 'Personal Information'),
(576, 'educational_information', 'Educational Information'),
(577, 'past_experience', 'Past Experience'),
(578, 'basic_information', 'Basic Information'),
(579, 'result', 'Result'),
(580, 'institute_name', 'Institute Name'),
(581, 'education', 'Education'),
(582, 'manage_shortlist', 'Manage Short List'),
(583, 'manage_interview', 'Manage Interview'),
(584, 'manage_selection', 'Manage Selection'),
(585, 'add_new_dept', 'Add New Department'),
(586, 'manage_dept', 'Manage Department'),
(587, 'successfully_checkout', 'Checkout Successful !'),
(588, 'grant_loan', 'Grant Loan'),
(589, 'successfully_installed', 'Successfully Installed'),
(590, 'total_loan', 'Total Loan'),
(591, 'total_amount', 'Total Amount'),
(592, 'filter', 'Filter'),
(593, 'weekly_holiday', 'Weekly Holiday'),
(594, 'manage_application', 'Manage Application'),
(595, 'add_application', 'Add Application'),
(596, 'manage_holiday', 'Manage Holiday'),
(597, 'add_more_holiday', 'Add More Holiday'),
(598, 'manage_weekly_holiday', 'Manage Weekly Holiday'),
(599, 'add_weekly_holiday', 'Add Weekly Holiday'),
(600, 'manage_granted_loan', 'Manage Granted Loan'),
(601, 'manage_installment', 'Manage Installment'),
(602, 'add_new_notice', 'Add New Notice'),
(603, 'manage_notice', 'Manage Notice'),
(604, 'salary_type', 'Salary Benefits'),
(605, 'manage_salary_generate', 'Manage Salary Generate'),
(606, 'generate_now', 'Generate Now'),
(607, 'add_salary_setup', 'Add Salary Setup'),
(608, 'manage_salary_setup', 'Manage Salary Setup'),
(609, 'add_salary_type', 'Add Salary Benefits'),
(610, 'manage_salary_type', 'Manage Salary Benefits'),
(611, 'manage_tax_setup', 'Manage Tax Setup'),
(612, 'setup_tax', 'Setup Tax'),
(613, 'add_more', 'Add More'),
(614, 'tax_rate', 'Tax Rate'),
(615, 'no', 'No'),
(616, 'setup', 'Setup'),
(617, 'biographicalinfo', 'Bio-Graphical Information'),
(618, 'positional_information', 'Positional Information'),
(620, 'benifits', 'Benefits'),
(621, 's_rate', 'Rate'),
(622, 'others_leave_application', 'Leave Application'),
(623, 'add_leave_type', 'Add Leave Type'),
(624, 'others_leave', 'Others Leave'),
(625, 'number_of_leave_days', 'Number of Leave Days'),
(626, 'app_date', 'Application Date'),
(627, 'apply_day', 'Apply Day'),
(628, 'time_zone', 'Time Zone '),
(629, 'accounts', 'Accounts'),
(630, 'c_o_a', 'Chart of Account'),
(631, 'debit_voucher', 'Debit Voucher'),
(632, 'credit_voucher', 'Credit Voucher'),
(633, 'contra_voucher', 'Contra Voucher'),
(634, 'journal_voucher', 'Journal Voucher'),
(635, 'voucher_approval', 'Voucher Approval'),
(636, 'account_report', 'Account Report'),
(637, 'voucher_report', 'Voucher Report'),
(638, 'cash_book', 'Cash Book'),
(639, 'bank_book', 'Bank Book'),
(640, 'general_ledger', 'General Ledger'),
(641, 'trial_balance', 'Trial Balance'),
(642, 'profit_loss', 'Profit Loss'),
(643, 'cash_flow', 'Cash Flow'),
(644, 'coa_print', 'Coa Print'),
(645, 'grant', 'Grant'),
(646, 'confirm', 'Confirm'),
(647, 'pay_now', 'Pay Now ??'),
(648, 'find', 'Find'),
(649, 'gl_head', 'GL Head'),
(650, 'acc_code', 'Account Code'),
(651, 'from_date', 'From Date'),
(652, 'to_date', 'To Date'),
(653, 'bank_book_voucher', 'Bank Book Voucher'),
(654, 'bank_book_report_of', 'Bank Book Report Of'),
(655, 'on', 'On'),
(656, 'to', 'To'),
(657, 'opening_balance', 'Opening Balance'),
(658, 'balance', 'Balance'),
(659, 'credit', 'Credit'),
(660, 'debit', 'Debit'),
(661, 'head_of_account', 'Head Of Account'),
(662, 'voucher_type', 'Voucher Type'),
(663, 'voucher_no', 'Voucher No'),
(664, 'transaction_date', 'Transaction Date'),
(665, 'cash_book_voucher', 'Cash Book Voucher'),
(666, 'cash_book_report_on', 'Cash Book Report On'),
(667, 'particulars', 'Particulars'),
(668, 'amount_in_dollar', 'Amount In Dollar'),
(669, 'opening_cash_and_equivalent', 'Opening Cash && Equivalent'),
(670, 'cash_flow_statement', 'Cash Flow Statement'),
(671, 'code', 'Code'),
(672, 'remark', 'Remark'),
(673, 'debit_account_head', 'Debit Account Head'),
(674, 'cash_in_hand', 'Cash In Hand'),
(675, 'credit_account_head', 'Credit Account Head'),
(676, 'transaction_head', 'Transaction Head'),
(677, 'with_details', 'With Details'),
(678, 'no_report', 'No Of Report'),
(679, 'total', 'Total'),
(680, 'current_balance', 'Current Balance'),
(681, 'pre_balance', 'Pre Balance'),
(682, 'trial_balance_with_opening_as_on', 'Trial Balance With Opening '),
(683, 'as_on', 'As On'),
(684, 'chairman', 'Chairman'),
(685, 'prepared_by', 'Prepared By'),
(686, 'statement_of_comprehensive_income', 'Statement Of Comprehensive Income'),
(687, 'from', 'From'),
(688, 'total_expenses', 'Total Expenses'),
(689, 'total_income', 'Total Income'),
(690, 'authorized_signature', 'Authorize Signature'),
(691, 'account_official', 'Account Official'),
(692, 'approved', 'Approved'),
(693, 'update_credit_voucher', 'Update Credit Voucher'),
(694, 'benefits', 'Benefit'),
(695, 'class', 'Class'),
(696, 'biographical_info', 'Biographical Info'),
(697, 'additional_address', 'Additional Address'),
(698, 'custom', 'Custom'),
(699, 'can_name', 'Candidate Name'),
(700, 'select', 'Select'),
(701, 'benefit_type', 'Benefit Type'),
(702, 'salary_benefits_type', 'Benefits Type'),
(703, 'addition', 'Addition'),
(704, 'basic', 'Basic'),
(705, 'deduction', 'Deduction'),
(706, 'gross_salary', 'Gross Salary'),
(707, 'total_loan_amount', 'Total Loan Amount'),
(708, 'loan_no', 'Loan No'),
(709, 'loan_issue_id', 'Loan Issue Id'),
(710, 'repayment', 'Repayment'),
(711, 'candidate_name', 'Candidate name'),
(712, 'employee_performance', 'Employee Performance'),
(713, 'check_in', 'Check In'),
(714, 'check_out', 'Check Out'),
(715, 'datewise_report', 'Date Wise Report'),
(716, 'employee_wise_report', 'Employee Wise Report'),
(717, 'date_in_time_report', 'Date & In Time Report'),
(718, 'report_view', 'Report View'),
(719, 'notice_form', 'Notice Form'),
(720, 'atn_log', 'Load Device Data'),
(721, 'atn_log_datewise', 'Attendance Log'),
(722, 'device_connection', 'Device Connection'),
(723, 'user_name', 'User Name'),
(724, 'in_time', 'In Time'),
(725, 'out_time', 'Out Time'),
(726, 'worked_hours', 'Worked Hours'),
(727, 'wasteg_hour', 'Wastage Hours'),
(728, 'net_hour', 'Net Hours'),
(729, 'device_information', 'Device Information'),
(730, 'plz_generate_an_ip', 'Please Generate an Ip'),
(731, 'device_name', 'Device Name'),
(732, 'device_ip', 'Device Ip'),
(733, 'device_user', 'Device User'),
(734, 'n_b_spendtime', 'N.B : You Spent'),
(735, 'hours_out_of_workinghour', 'Hours out of Working hours'),
(736, 'total_employee', 'Total Employee'),
(737, 'present_employee', 'Present Employee'),
(738, 'today_worked_hour', 'Today\'s Worked Hours'),
(739, 'todays_transaction', 'Today\'s Transaction'),
(740, 'device_model', 'Device Model'),
(741, 'download_sample_file', 'Download Sample File'),
(742, 'salar_month', 'Salary Month'),
(743, 'bank', 'Bank'),
(744, 'add_bank', 'Add Bank'),
(745, 'bank_list', 'Bank List'),
(746, 'update_bank', 'Update Bank'),
(747, 'bank_name', 'Bank Name'),
(748, 'account_number', 'Account Number'),
(749, 'cash_adjustment', 'Cash Adjustment'),
(750, 'adjustment_type', 'Adjustment Type'),
(751, 'bank_adjustment', 'Bank Adjustment'),
(752, 'expense', 'Expense'),
(753, 'expense_item', 'Expense Item'),
(754, 'expense_statement', 'Expense Statement'),
(755, 'expense_name', 'Expense Name'),
(756, 'add_expense', 'Add Expense'),
(757, 'print', 'Print'),
(758, 'income', 'Income'),
(759, 'income_field', 'Income Field'),
(760, 'update_income', 'Update Income'),
(761, 'income_statement', 'Income Statement'),
(762, 'attendence', 'Attendance'),
(763, 'working_day', 'Working Day'),
(764, 'salary_month', 'Salary Month'),
(765, 'salary_slip', 'Salary Slip'),
(766, 'head_code', 'Head Code'),
(767, 'particular', 'Particulars'),
(768, 'parent_type', 'Parent Type'),
(769, 'expense_sheet', 'Expense Sheet'),
(770, 'head_name', 'Head Name'),
(771, 'income_sheet', 'Income Sheet'),
(772, 'recruitment', ' Recruitment'),
(773, 'ref_number', 'Reference Number'),
(774, 'employee_signature', 'Employee Signature'),
(775, 'name_of_bank', 'Name Of Bank'),
(776, 'net_salary', 'Net Salary'),
(777, 'in_word', 'In Word'),
(778, 'total_deduction', 'Total Deduction'),
(779, 'total_addition', 'Total Addition'),
(780, 'basic_salary', 'Basic Salary'),
(781, 'earnings', 'Earnings'),
(782, 'salary_date', 'Salary Date'),
(783, 'money_receipt', 'Money Receipt'),
(784, 'balance_adjustment', 'Balance Adjustment'),
(785, 'parent_head', 'Parent Head'),
(786, 'child_head', 'Child Head'),
(787, 'due_amount', 'Due Amount'),
(788, 'loan_payment', 'Loan Payment'),
(789, 'todays_notice', 'Today\'s Notice'),
(790, 'attend_employee', 'Attend Employee'),
(791, 'department_wise', 'Department Wise'),
(792, 'income_expense', 'Income Expense'),
(793, 'todays_leave', 'Today\'s Leave'),
(794, 'leave_day', 'Leave Day'),
(795, 'leave_finish', 'Leave Finish'),
(796, 'loan_amount', 'Loan Amount'),
(797, 'leave_employee', 'Leave Employee'),
(798, 'absent_employee', 'Absent Employee'),
(799, 'worked_hour', 'Worked Hours'),
(800, 'new_password', 'New Password'),
(801, 'latitude', 'Latitude'),
(802, 'longitude', 'Longitude'),
(803, 'acceptablerange', 'Acceptable Range'),
(804, 'googleapi_authkey', 'Google Api Auth Key'),
(805, 'approve', 'Approve'),
(806, 'decline', 'Decline'),
(807, 'attendance_history', 'Attendance History'),
(808, 'give_attendance', 'Give Attendance'),
(809, 'ledger_history', 'Ledger History'),
(810, 'request_leave', 'Request Leave'),
(811, 'my_profile', 'My Profile'),
(812, 'salary_statement', 'Salary Statement'),
(813, 'notices', 'Notice'),
(814, 'working_hour', 'Working Hour'),
(815, 'qr_attendance', 'QR Attendance'),
(816, 'leave_remaining', 'Leave Remaining'),
(817, 'total_attendance', 'Total Attendance'),
(818, 'day_absent', 'Day Absent'),
(819, 'day_present', 'Day Present'),
(820, 'previous', 'Previous'),
(821, 'network_alert', 'Check Network Connection'),
(822, 'select_date', 'Select Date'),
(823, 'attendance_log', 'Attendance Log'),
(824, 'in', 'In'),
(825, 'out', 'Out'),
(826, 'load_more', 'Load More'),
(827, 'data_not_found', 'Data Not Found'),
(828, 'worked', 'Worked'),
(829, 'wastage', 'Wastage'),
(830, 'punch_time', 'Punch Time'),
(831, 'loading', 'Loading ...'),
(832, 'wrong_info_alert', 'Some Information Was Wrong There'),
(833, 'from_to_date_alrt', 'From And To Date Field Are Require'),
(834, 'qr_scan', 'QR Scan'),
(835, 'stop_scan', 'Stop Scan'),
(836, 'scan_again', 'Scan Again'),
(837, 'confirm_attendance', 'Confirm Attendance'),
(838, 'scan_alert', 'Your Scan Qr Was Wrong!! Please Scan Again'),
(839, 'attn_success_mgs', 'Attendance Successfully Saved'),
(840, 'you_r_not_in_office', 'You Are Not In The Office Location'),
(841, 'out_of_range', 'Out Of Range'),
(842, 'request_for_leave', 'Request For Leave'),
(843, 'leave_reason', 'Leave Reason'),
(844, 'write_reason', 'Write Reason'),
(845, 'send_request', 'Send Request'),
(846, 'leave_his_status', 'Leave History Status'),
(847, 'total_tax', 'Total Tax'),
(848, 'employment_date', 'Employment Date'),
(849, 'notice_details', 'Notice Details'),
(850, 'no_notice_to_show', 'No Notice to Show'),
(851, 'welcome_msg', 'Welcome To HRM'),
(852, 'enter_your_email', 'Enter Your Email'),
(853, 'enter_your_password', 'Enter Your Password'),
(854, 'cannot_remember_pass', 'Can not Remember Password'),
(855, 'forgot_password', 'Forgot Password'),
(856, 'email_pass_cannot_empt', 'Email or password can not be empty'),
(857, 'email_format_was_not_right', 'Email format was not Right!'),
(858, 'email_or_pass_not_matched', 'Email or password not matched!'),
(859, 'reset_your_password', 'Reset Your Password'),
(860, 'your_remember_password', 'You Remember Password'),
(861, 'back_to_login', 'Back to Login'),
(862, 'email_fild_can_not_empty', 'Email Field can not be empty'),
(863, 'email_not_found', 'Email Not Found'),
(864, 'successfully_send_email', 'Successfully Send Email!'),
(865, 'email_is_not_valid', 'Email Is Not Valid'),
(866, 'sorry_email_not_sent', 'Sorry Email Not Sent'),
(867, 'day_leave', 'Day Leave'),
(868, 'search_work_details', 'Search Work Details'),
(869, 'times', 'Time'),
(870, 'request_not_send', 'Request Not Send'),
(871, 'leave_request_success', 'Your Leave Request SuccessFul'),
(872, 'all_field_are_required', 'All Field Are Required'),
(873, 'plz_select_data_properly', 'Please select date properly'),
(874, 'pending', 'Pending'),
(875, 'unpaid', 'Unpaid'),
(876, 'salary_details', 'Salary Details'),
(877, 'worked_days', 'Worked Days'),
(878, 'monthly_attendance', 'Monthly Attendance'),
(879, 'year', 'Year'),
(880, 'month', 'Month'),
(881, 'missing_attendance', 'Missing Attendance'),
(882, 'daily_presents', 'Daily Presents'),
(883, 'all', 'All'),
(884, 'daily_absent', 'Daily Absent'),
(885, 'monthly_presents', 'Monthly Presents'),
(886, 'monthly_absent', 'Monthly Absent'),
(887, 'leave_report', 'Leave Report'),
(888, 'employee_on_leave', 'Employee On Leave'),
(889, 'leave_balance', 'Leave Balance'),
(890, 'without_weekend', 'Without Weekend'),
(891, 'new_recruited_employee', 'New Recruited'),
(892, 'todays_present', 'Today\'s Presents'),
(893, 'todays_absent', 'Today\'s Absents'),
(894, 'male', 'Male'),
(895, 'female', 'Female'),
(896, 'latest_notice', 'Latest Notice'),
(897, 'attendance_last_30days', 'Attendance (Last 30 Days)'),
(898, 'recruited_current_year', 'Recruited (Current Year)'),
(899, 'absent_15days', 'Absent (Last 15 Days)'),
(900, 'loanreceive', 'Loan Received'),
(901, 'current_year', 'Current Year'),
(902, 'awarded', 'Awarded'),
(903, 'loanpayment', 'Loan Payment'),
(904, 'login_info', 'Login Info'),
(905, 'user_email', 'User Email'),
(906, 'update_now', 'Update Now'),
(907, 'notesupdate', 'Note: If you want to update software,you Must have immediate previous version'),
(908, 'purchase_key', 'Purchase Key'),
(909, 'mobile_app_setting', 'Mobile App Setting(Addons)'),
(910, 'noupdates', 'No update available'),
(911, 'update_attendence', 'Update Attendence'),
(912, 'successfully_exported', 'Successfully Exported'),
(913, 'export_attendance', 'Export Attendance'),
(914, 'bulk_export', 'Bulk Export'),
(915, 'point_shared_by', 'Point Shared By'),
(916, 'update_collaborative_point', 'Update Collaborative Point'),
(917, 'add_collaborative_point', 'Add Collaborative Points'),
(918, 'update_management_point', 'Update Management Point'),
(919, 'point', 'Points'),
(920, 'add_management_point', 'Add Management Points'),
(921, 'management_point', 'Management Points'),
(922, 'update_point_category', 'Update Point Category'),
(923, 'point_category', 'Point Category'),
(924, 'add_point_category', 'Add Point Category'),
(925, 'attendence_end', 'Attendence End'),
(926, 'attendence_start', 'Attendence Start'),
(927, 'attendence_point', 'Attendance Points'),
(928, 'general_point', 'General Points'),
(929, 'employee_point', 'Employee Points'),
(930, 'collaborative_point', 'Collaborative Points'),
(931, 'management_point', 'Management Points'),
(932, 'point_categories', 'Point Categories'),
(933, 'point_settings', 'Point Settings'),
(934, 'rewardpoint', 'Reward Points'),
(935, 'successfully_uploaded', 'Successfully Uploaded'),
(936, 'buy_now', 'Buy Now'),
(937, 'invalid_purchase_key', 'Invalid Purchase Key'),
(938, 'addon', 'Add-ons'),
(939, 'procurements', 'Procurement'),
(940, 'requests', 'Request'),
(941, 'quotation', 'Quotation'),
(942, 'requesting_person', 'Requesting Person'),
(943, 'requesting_dept', 'Requesting Department'),
(944, 'request_list', 'Request List'),
(945, 'add_request', 'Add Request'),
(946, 'description_material', 'Description of materials/Goods/Service'),
(947, 'quantity', 'Quantity'),
(948, 'reason_for_requesting', 'Reason For Requesting'),
(949, 'edit_request', 'Edit Request'),
(950, 'request_form', 'Request Form'),
(951, 'unit_list', 'Units'),
(952, 'add_unit', 'Add Unit'),
(953, 'update_unit', 'Update Unit'),
(954, 'unit', 'Unit'),
(955, 'quote', 'Quote'),
(956, 'quotation_form', 'Quotation Form'),
(957, 'name_of_company', 'Name Of Company'),
(958, 'pin_or_equivalent', 'Pin Or Equivalent'),
(959, 'expected_date_delivery', 'Expected Date of Delivery'),
(960, 'place_of_delivery', 'Place of Delivery'),
(961, 'signature_and_stamp', 'Signature and Stamp'),
(962, 'update_quotation', 'Update Quotation'),
(963, 'bid_analysis', 'Bid Analysis'),
(964, 'bid_analysis_form', 'Bid Analysis Form'),
(965, 'bid_analysis_list', 'Bid Analysis List'),
(966, 'sba_no', 'SBA/ NO.'),
(967, 'location', 'Location'),
(968, 'attachment', 'Attachment'),
(969, 'company', 'Company'),
(970, 'reason_of_choosing', 'Reason Of Choosing'),
(971, 'remarks', 'Remarks'),
(972, 'vendor_name', 'Vendor Name'),
(973, 'purchase_order_no', 'PO#'),
(974, 'price_per_unit', 'Price/Unit'),
(975, 'bid_no', 'Bid No'),
(976, 'purchase_order', 'Purchase Order'),
(977, 'purchase_order_form', 'Purchase Order Form'),
(978, 'purchase_order_list', 'Purchase Order List'),
(979, 'title', 'Title'),
(980, 'update_purchase_order', 'Update Purchase Order'),
(981, 'good_received', 'Good Received'),
(982, 'good_received_form', 'Good Received Form'),
(983, 'good_received_list', 'Good Received List'),
(984, 'update_good_received', 'Update Good Received'),
(985, 'committee_list', 'Committee List'),
(986, 'add_committee', 'Add Committee'),
(987, 'update_committee', 'Update Committee'),
(988, 'committee', 'Committee'),
(989, 'signature', 'Signature Image'),
(990, 'committees', 'Committees'),
(991, 'create_committee', 'Create Committee'),
(992, 'request_approval', 'Request Approval'),
(993, 'reason_for_approval', 'Reason for Approval'),
(994, 'vendors', 'Vendors'),
(995, 'vendor', 'Add Vendor'),
(996, 'vendor_list', 'Vendor List'),
(997, 'mobile_no', 'Mobile No'),
(998, 'vendor_name', 'Vendor Name'),
(999, 'previous_balance', 'Previous Balance'),
(1000, 'create_vendor', 'Create Vendor'),
(1001, 'discount', 'Discount'),
(1002, 'price', 'Price'),
(1003, 'vendor_name', 'Vendor'),
(1004, 'add_request', 'Add Request'),
(1005, 'percentage', 'Percentage'),
(1006, 'projectmanagement', 'Project Management'),
(1007, 'clients', 'Clients'),
(1008, 'add_new_client', 'Add New Client'),
(1009, 'client_name', 'Client Name'),
(1010, 'manage_clients', 'Manage Clients'),
(1011, 'update_client', 'Update Client'),
(1012, 'projects', 'Projects'),
(1013, 'add_new_project', 'Add New Project'),
(1014, 'manage_projects', 'Manage Projects'),
(1015, 'project_name', 'Project Name'),
(1016, 'project_lead', 'Project Lead'),
(1017, 'approximate_tasks', 'Approximate Tasks'),
(1018, 'summary', 'Summary'),
(1019, 'project_duration', 'Project Duration'),
(1020, 'update_project', 'Update Project'),
(1021, 'task', 'Task'),
(1022, 'create_task', 'Create Task'),
(1023, 'manage_tasks', 'Manage Tasks'),
(1024, 'team_member', 'Team Member'),
(1025, 'priority', 'Priority'),
(1026, 'reporter', 'Reporter'),
(1027, 'assignee', 'Assignee'),
(1028, 'sprint', 'Sprint'),
(1029, 'sprints', 'Sprints'),
(1030, 'create_sprint', 'Create Sprint'),
(1031, 'sprint_name', 'Sprint Name'),
(1032, 'duration', 'Duration'),
(1033, 'sprint_goal', 'Sprint Goal'),
(1034, 'backlogs', 'Backlogs'),
(1035, 'manage_sprints', 'Manage Sprints'),
(1036, 'manage_backlogs', 'Manage Backlogs'),
(1037, 'transfer_tasks', 'Transfer Tasks'),
(1038, 'create_date', 'Create Date'),
(1039, 'transfer_to_backlogs', 'Transfer tasks to Backlogs'),
(1040, 'all_tasks', 'All Tasks'),
(1041, 'kanban_board', 'Kanban Board'),
(1042, 'own_tasks', 'Own Tasks'),
(1043, 'previous_version', 'Previous Version'),
(1044, 'get_retros', 'Get Retros'),
(1045, 'starting_date', 'Start Date'),
(1046, 'pm_reports', 'Reports'),
(1047, 'project_lists', 'Project Lists'),
(1049, 'to_do', 'To Do'),
(1050, 'in_progress', 'In Progress'),
(1051, 'created_by', 'Created By'),
(1052, 'client', 'Client'),
(1053, 'reward_points', 'Reward Points'),
(1054, 'sprint_started', 'Sprint Start'),
(1055, 'ending_date', 'End Date'),
(1056, 'team_members', 'Team Members'),
(1057, 'inactive_employee', 'Inactive Employee'),
(1058, 'manage_inactive_employee', 'Manage Inactive Employee'),
(1059, 'attachment', 'Attachment'),
(1060, 'company', 'Company');


-- --------------------------------------------------------

--
-- Table structure for table `leave_apply`
--

CREATE TABLE IF NOT EXISTS `leave_apply` (
  `leave_appl_id` int(11) NOT NULL AUTO_INCREMENT,
  `employee_id` varchar(20) NOT NULL,
  `leave_type_id` int(2) NOT NULL,
  `apply_strt_date` date DEFAULT NULL,
  `apply_end_date` date DEFAULT NULL,
  `apply_day` int(11) NOT NULL,
  `leave_aprv_strt_date` date DEFAULT NULL,
  `leave_aprv_end_date` date DEFAULT NULL,
  `num_aprv_day` varchar(15) NOT NULL,
  `reason` varchar(100) NOT NULL,
  `apply_hard_copy` text,
  `apply_date` date DEFAULT NULL,
  `approve_date` date DEFAULT NULL,
  `approved_by` varchar(30) NOT NULL,
  `leave_type` varchar(50) NOT NULL,
  `status` tinyint(4) NOT NULL DEFAULT '0',
  PRIMARY KEY (`leave_appl_id`)
) ENGINE=InnoDB DEFAULT CHARSET=latin1;

-- --------------------------------------------------------

--
-- Table structure for table `leave_type`
--

CREATE TABLE IF NOT EXISTS `leave_type` (
  `leave_type_id` int(2) NOT NULL AUTO_INCREMENT,
  `leave_type` varchar(50) NOT NULL,
  `leave_days` int(2) NOT NULL,
  PRIMARY KEY (`leave_type_id`)
) ENGINE=InnoDB DEFAULT CHARSET=latin1;

-- --------------------------------------------------------

--
-- Table structure for table `loan_installment`
--

CREATE TABLE IF NOT EXISTS `loan_installment` (
  `loan_inst_id` int(11) NOT NULL AUTO_INCREMENT,
  `employee_id` varchar(21) CHARACTER SET latin1 NOT NULL,
  `loan_id` varchar(21) CHARACTER SET latin1 NOT NULL,
  `installment_amount` varchar(20) CHARACTER SET latin1 NOT NULL,
  `payment` varchar(20) CHARACTER SET latin1 NOT NULL,
  `date` varchar(20) CHARACTER SET latin1 NOT NULL,
  `received_by` varchar(20) CHARACTER SET latin1 NOT NULL,
  `installment_no` varchar(20) CHARACTER SET latin1 NOT NULL DEFAULT '1',
  `notes` varchar(80) CHARACTER SET latin1 NOT NULL,
  PRIMARY KEY (`loan_inst_id`)
) ENGINE=InnoDB DEFAULT CHARSET=utf8;

-- --------------------------------------------------------

--
-- Table structure for table `marital_info`
--

CREATE TABLE IF NOT EXISTS `marital_info` (
  `id` int(11) NOT NULL AUTO_INCREMENT,
  `marital_sta` varchar(30) NOT NULL,
  PRIMARY KEY (`id`)
) ENGINE=InnoDB AUTO_INCREMENT=6 DEFAULT CHARSET=latin1;

--
-- Dumping data for table `marital_info`
--

INSERT INTO `marital_info` (`id`, `marital_sta`) VALUES
(1, 'Single'),
(2, 'Married'),
(3, 'Divorced'),
(4, 'Widowed'),
(5, 'Other');

-- --------------------------------------------------------

--
-- Table structure for table `message`
--

CREATE TABLE IF NOT EXISTS `message` (
  `id` int(11) NOT NULL AUTO_INCREMENT,
  `sender_id` int(11) NOT NULL,
  `receiver_id` int(11) NOT NULL,
  `subject` varchar(255) NOT NULL,
  `message` text NOT NULL,
  `datetime` datetime NOT NULL,
  `sender_status` tinyint(1) NOT NULL DEFAULT '0' COMMENT '0=unseen, 1=seen, 2=delete',
  `receiver_status` tinyint(1) NOT NULL DEFAULT '0' COMMENT '0=unseen, 1=seen, 2=delete',
  PRIMARY KEY (`id`)
) ENGINE=InnoDB DEFAULT CHARSET=utf8;

-- --------------------------------------------------------

--
-- Table structure for table `module`
--

CREATE TABLE IF NOT EXISTS `module` (
  `id` int(11) NOT NULL AUTO_INCREMENT,
  `name` varchar(50) NOT NULL,
  `description` text,
  `image` varchar(255) NOT NULL,
  `directory` varchar(100) NOT NULL,
  `status` tinyint(1) NOT NULL DEFAULT '1',
  PRIMARY KEY (`id`)
) ENGINE=InnoDB AUTO_INCREMENT=53 DEFAULT CHARSET=utf8;

--
-- Dumping data for table `module`
--

INSERT INTO `module` (`id`, `name`, `description`, `image`, `directory`, `status`) VALUES
(39, 'attendance Details ', 'Simple attendance processing System', 'application/modules/attendance/assets/images/thumbnail.jpg', 'attendance', 1),
(40, 'Employee circulation processing System', 'Simple circulation processing System', 'application/modules/circularprocess/assets/images/thumbnail.jpg', 'circularprocess', 1),
(41, 'Employee Details ', 'Simple hrm processing System', 'application/modules/employee/assets/images/thumbnail.jpg', 'employee', 1),
(42, 'Leave Details ', 'Simple leave processing System', 'application/modules/leave/assets/images/thumbnail.jpg', 'leave', 1),
(43, 'Loan Details ', 'Simple loan processing System', 'application/modules/loan/assets/images/thumbnail.jpg', 'loan', 1),
(44, 'TAX Details ', 'Simple tax processing System', 'application/modules/tax/assets/images/thumbnail.jpg', 'tax', 1),
(46, 'Payroll Details ', 'Simple payroll processing System', 'application/modules/payroll/assets/images/thumbnail.jpg', 'payroll', 1),
(48, 'Account', 'Account information', 'application/modules/account/assets/images/thumbnail.jpg', 'account', 1),
(49, 'Notice Details ', 'Simple Notice', 'application/modules/noticeboard/assets/images/thumbnail.jpg', 'noticeboard', 1),
(50, 'Award Details ', 'Simple Award', 'application/modules/award/assets/images/thumbnail.jpg', 'award', 1),
(52, 'asset Details ', 'Simple asset', 'application/modules/asset/assets/images/thumbnail.jpg', 'asset', 1);

-- --------------------------------------------------------

--
-- Table structure for table `module_permission`
--

CREATE TABLE IF NOT EXISTS `module_permission` (
  `id` int(11) NOT NULL AUTO_INCREMENT,
  `fk_module_id` int(11) NOT NULL,
  `fk_user_id` int(11) NOT NULL,
  `create` tinyint(1) DEFAULT NULL,
  `read` tinyint(1) DEFAULT NULL,
  `update` tinyint(1) DEFAULT NULL,
  `delete` tinyint(1) DEFAULT NULL,
  PRIMARY KEY (`id`),
  KEY `fk_module_id` (`fk_module_id`),
  KEY `fk_user_id` (`fk_user_id`)
) ENGINE=InnoDB DEFAULT CHARSET=utf8;

-- --------------------------------------------------------

--
-- Table structure for table `notice_board`
--

CREATE TABLE IF NOT EXISTS `notice_board` (
  `notice_id` int(11) NOT NULL AUTO_INCREMENT,
  `notice_descriptiion` text NOT NULL,
  `notice_date` date NOT NULL,
  `notice_type` varchar(50) NOT NULL,
  `notice_by` varchar(50) NOT NULL,
  `notice_attachment` text,
  PRIMARY KEY (`notice_id`)
) ENGINE=InnoDB DEFAULT CHARSET=latin1;

-- --------------------------------------------------------

--
-- Table structure for table `payroll_holiday`
--

CREATE TABLE IF NOT EXISTS `payroll_holiday` (
  `payrl_holi_id` int(11) UNSIGNED NOT NULL AUTO_INCREMENT,
  `holiday_name` varchar(30) CHARACTER SET latin1 NOT NULL,
  `start_date` varchar(30) CHARACTER SET latin1 NOT NULL,
  `end_date` varchar(30) CHARACTER SET latin1 NOT NULL,
  `no_of_days` varchar(30) CHARACTER SET latin1 NOT NULL,
  `created_by` varchar(30) CHARACTER SET latin1 NOT NULL,
  `updated_by` varchar(30) CHARACTER SET latin1 NOT NULL,
  PRIMARY KEY (`payrl_holi_id`)
) ENGINE=InnoDB DEFAULT CHARSET=utf8;

-- --------------------------------------------------------

--
-- Table structure for table `payroll_tax_collection`
--

CREATE TABLE IF NOT EXISTS `payroll_tax_collection` (
  `tax_coll_id` int(11) UNSIGNED NOT NULL AUTO_INCREMENT,
  `employee_id` varchar(30) CHARACTER SET latin1 NOT NULL,
  `date_start` varchar(30) CHARACTER SET latin1 NOT NULL,
  `amount_tax` varchar(30) CHARACTER SET latin1 NOT NULL,
  `collection_by` varchar(30) CHARACTER SET latin1 NOT NULL,
  `date_end` varchar(30) CHARACTER SET latin1 NOT NULL,
  `income_net_period` varchar(30) CHARACTER SET latin1 NOT NULL,
  PRIMARY KEY (`tax_coll_id`)
) ENGINE=InnoDB DEFAULT CHARSET=utf8;

-- --------------------------------------------------------

--
-- Table structure for table `payroll_tax_setup`
--

CREATE TABLE IF NOT EXISTS `payroll_tax_setup` (
  `tax_setup_id` int(11) UNSIGNED NOT NULL AUTO_INCREMENT,
  `start_amount` varchar(30) CHARACTER SET latin1 NOT NULL,
  `end_amount` varchar(30) CHARACTER SET latin1 NOT NULL,
  `rate` varchar(30) CHARACTER SET latin1 NOT NULL,
  `status` varchar(30) CHARACTER SET latin1 NOT NULL,
  PRIMARY KEY (`tax_setup_id`)
) ENGINE=InnoDB DEFAULT CHARSET=utf8;

-- --------------------------------------------------------

--
-- Table structure for table `pay_frequency`
--

CREATE TABLE IF NOT EXISTS `pay_frequency` (
  `id` int(11) NOT NULL AUTO_INCREMENT,
  `frequency_name` varchar(30) NOT NULL,
  PRIMARY KEY (`id`)
) ENGINE=InnoDB AUTO_INCREMENT=5 DEFAULT CHARSET=latin1;

--
-- Dumping data for table `pay_frequency`
--

INSERT INTO `pay_frequency` (`id`, `frequency_name`) VALUES
(1, 'Weekly'),
(2, 'Biweekly'),
(3, 'Annual'),
(4, 'Monthly');

-- --------------------------------------------------------

--
-- Table structure for table `point_attendence`
--

CREATE TABLE IF NOT EXISTS `point_attendence` (
  `id` int(11) NOT NULL AUTO_INCREMENT,
  `employee_id` varchar(50) NOT NULL,
  `in_time` varchar(50) NOT NULL,
  `point` varchar(50) NOT NULL,
  `description` text NOT NULL,
  `create_date` datetime NOT NULL,
  `created_by` varchar(50) NOT NULL,
  `update_date` datetime NOT NULL,
  `update_by` varchar(50) NOT NULL,
  PRIMARY KEY (`id`)
) ENGINE=InnoDB DEFAULT CHARSET=utf8mb4;

-- --------------------------------------------------------

--
-- Table structure for table `point_categories`
--

CREATE TABLE IF NOT EXISTS `point_categories` (
  `id` int(11) NOT NULL AUTO_INCREMENT,
  `point_category` varchar(100) DEFAULT NULL,
  `created_by` varchar(50) DEFAULT NULL,
  `update_by` varchar(50) DEFAULT NULL,
  `created_at` datetime DEFAULT NULL,
  `update_at` datetime DEFAULT NULL,
  PRIMARY KEY (`id`)
) ENGINE=InnoDB DEFAULT CHARSET=utf8mb4;

-- --------------------------------------------------------

--
-- Table structure for table `point_collaborative`
--

CREATE TABLE IF NOT EXISTS `point_collaborative` (
  `id` int(11) NOT NULL AUTO_INCREMENT,
  `point_shared_by` varchar(50) DEFAULT NULL COMMENT 'Employee shared point',
  `point_shared_with` varchar(50) DEFAULT NULL COMMENT 'Employee received point',
  `reason` text DEFAULT NULL,
  `point` varchar(50) DEFAULT NULL,
  `point_date` date DEFAULT NULL,
  `create_date` datetime DEFAULT NULL,
  `created_by` varchar(50) DEFAULT NULL COMMENT 'users',
  `update_date` datetime DEFAULT NULL,
  `update_by` varchar(50) DEFAULT NULL COMMENT 'users',
  PRIMARY KEY (`id`)
) ENGINE=InnoDB DEFAULT CHARSET=utf8mb4;

-- --------------------------------------------------------

--
-- Table structure for table `point_management`
--

CREATE TABLE IF NOT EXISTS `point_management` (
  `id` int(11) NOT NULL AUTO_INCREMENT,
  `employee_id` varchar(50) DEFAULT NULL,
  `point_category` varchar(50) DEFAULT NULL,
  `description` text DEFAULT NULL,
  `point` varchar(50) DEFAULT NULL,
  `create_date` datetime DEFAULT NULL,
  `created_by` varchar(50) DEFAULT NULL,
  `update_date` datetime DEFAULT NULL,
  `update_by` varchar(50) DEFAULT NULL,
  PRIMARY KEY (`id`)
) ENGINE=InnoDB DEFAULT CHARSET=utf8mb4;

-- --------------------------------------------------------

--
-- Table structure for table `point_reward`
--

CREATE TABLE IF NOT EXISTS `point_reward` (
  `id` int(11) NOT NULL AUTO_INCREMENT,
  `employee_id` varchar(50) DEFAULT NULL COMMENT 'employee id',
  `attendence` varchar(50) DEFAULT NULL COMMENT 'attendence points',
  `management` varchar(50) DEFAULT NULL COMMENT 'management points',
  `collaborative` varchar(50) DEFAULT NULL COMMENT 'collaborative points',
  `total` int(50) DEFAULT NULL,
  `date` date DEFAULT NULL COMMENT 'pointing time',
  PRIMARY KEY (`id`)
) ENGINE=InnoDB DEFAULT CHARSET=utf8mb4;

-- --------------------------------------------------------

--
-- Table structure for table `point_settings`
--

CREATE TABLE IF NOT EXISTS `point_settings` (
  `id` int(11) NOT NULL AUTO_INCREMENT,
  `general_point` varchar(50) DEFAULT NULL COMMENT 'Maximum limit for collaborative points',
  `attendence_point` varchar(50) DEFAULT NULL,
  `attendence_start` varchar(50) DEFAULT NULL,
  `attendence_end` varchar(50) DEFAULT NULL,
  `collaborative_start` date DEFAULT NULL,
  `collaborative_end` date DEFAULT NULL,
  `created_by` varchar(50) DEFAULT NULL,
  `updated_by` varchar(50) DEFAULT NULL,
  `created_at` datetime DEFAULT NULL,
  `update_at` datetime DEFAULT NULL,
  PRIMARY KEY (`id`)
) ENGINE=InnoDB DEFAULT CHARSET=utf8mb4;

--
-- Dumping data for table `point_settings`
--

INSERT INTO `point_settings` (`id`, `general_point`, `attendence_point`, `attendence_start`, `attendence_end`, `collaborative_start`, `collaborative_end`, `created_by`, `updated_by`, `created_at`, `update_at`) VALUES
(5, '3', '1', '09:30', '10:10', '2021-02-01', '2021-02-16', '19', '113', '2020-12-29 06:43:13', '2021-02-16 06:45:56');

-- --------------------------------------------------------

--
-- Table structure for table `module_purchase_key`
--

CREATE TABLE IF NOT EXISTS `module_purchase_key` (
  `id` int(11) NOT NULL AUTO_INCREMENT,
  `identity` varchar(250) DEFAULT NULL,
  `purchase_key` varchar(255) DEFAULT NULL,
  `date` datetime NOT NULL DEFAULT current_timestamp(),
  PRIMARY KEY (`id`)
) ENGINE=InnoDB DEFAULT CHARSET=utf8mb4;

-- --------------------------------------------------------

--
-- Table structure for table `position`
--

CREATE TABLE IF NOT EXISTS `position` (
  `pos_id` int(11) NOT NULL AUTO_INCREMENT,
  `position_name` varchar(255) CHARACTER SET latin1 NOT NULL,
  `position_details` varchar(255) CHARACTER SET latin1 NOT NULL,
  PRIMARY KEY (`pos_id`)
) ENGINE=InnoDB DEFAULT CHARSET=utf8;

-- --------------------------------------------------------

--
-- Table structure for table `rate_type`
--

CREATE TABLE IF NOT EXISTS `rate_type` (
  `id` int(11) NOT NULL AUTO_INCREMENT,
  `r_type_name` varchar(30) NOT NULL,
  PRIMARY KEY (`id`)
) ENGINE=InnoDB DEFAULT CHARSET=latin1;

-- --------------------------------------------------------

--
-- Table structure for table `salary_setup_header`
--

CREATE TABLE IF NOT EXISTS `salary_setup_header` (
  `s_s_h_id` int(11) UNSIGNED NOT NULL AUTO_INCREMENT,
  `employee_id` varchar(30) CHARACTER SET latin1 NOT NULL,
  `salary_payable` varchar(30) CHARACTER SET latin1 DEFAULT NULL,
  `absent_deduct` varchar(30) CHARACTER SET latin1 DEFAULT NULL,
  `tax_manager` varchar(30) CHARACTER SET latin1 NOT NULL,
  `status` varchar(30) CHARACTER SET latin1 NOT NULL,
  PRIMARY KEY (`s_s_h_id`)
) ENGINE=InnoDB AUTO_INCREMENT=9 DEFAULT CHARSET=utf8;

--
-- Dumping data for table `salary_setup_header`
--

INSERT INTO `salary_setup_header` (`s_s_h_id`, `employee_id`, `salary_payable`, `absent_deduct`, `tax_manager`, `status`) VALUES
(1, '34', NULL, '0', '0', ''),
(2, '34', NULL, '0', '0', ''),
(3, '34', NULL, '0', '0', ''),
(4, '1', NULL, '0', '0', ''),
(5, '34', NULL, '0', '0', ''),
(6, '34', NULL, '0', '0', ''),
(7, '34', NULL, '0', '0', ''),
(8, '34', NULL, '0', '0', '');

-- --------------------------------------------------------

--
-- Table structure for table `salary_sheet_generate`
--

CREATE TABLE IF NOT EXISTS `salary_sheet_generate` (
  `ssg_id` int(11) UNSIGNED NOT NULL AUTO_INCREMENT,
  `name` varchar(30) CHARACTER SET latin1 NOT NULL,
  `gdate` varchar(20) DEFAULT NULL,
  `start_date` varchar(30) CHARACTER SET latin1 NOT NULL,
  `end_date` varchar(30) CHARACTER SET latin1 NOT NULL,
  `generate_by` varchar(30) CHARACTER SET latin1 NOT NULL,
  PRIMARY KEY (`ssg_id`)
) ENGINE=InnoDB AUTO_INCREMENT=7 DEFAULT CHARSET=utf8;

--
-- Dumping data for table `salary_sheet_generate`
--

INSERT INTO `salary_sheet_generate` (`ssg_id`, `name`, `gdate`, `start_date`, `end_date`, `generate_by`) VALUES
(1, 'March 2020', '2020-03-18', '2020-3-1', '2020-3-31', ''),
(2, 'January 2020', '2020-03-23', '2020-1-1', '2020-1-31', ''),
(3, 'February 2020', '2020-03-23', '2020-2-1', '2020-2-29', ''),
(6, 'August 2020', '2020-03-23', '2020-8-1', '2020-8-31', '');

-- --------------------------------------------------------

--
-- Table structure for table `salary_type`
--

CREATE TABLE IF NOT EXISTS `salary_type` (
  `salary_type_id` int(10) UNSIGNED NOT NULL AUTO_INCREMENT,
  `sal_name` varchar(50) CHARACTER SET latin1 NOT NULL,
  `emp_sal_type` varchar(50) CHARACTER SET latin1 NOT NULL,
  `default_amount` varchar(30) NOT NULL,
  `status` varchar(50) NOT NULL,
  PRIMARY KEY (`salary_type_id`)
) ENGINE=InnoDB AUTO_INCREMENT=4 DEFAULT CHARSET=utf8;

--
-- Dumping data for table `salary_type`
--

INSERT INTO `salary_type` (`salary_type_id`, `sal_name`, `emp_sal_type`, `default_amount`, `status`) VALUES
(1, 'Health', '1', '', ''),
(2, 'House Rent', '1', '', ''),
(3, 'PF', '0', '', '');

-- --------------------------------------------------------

--
-- Table structure for table `sec_menu_item`
--

CREATE TABLE IF NOT EXISTS `sec_menu_item` (
  `menu_id` int(11) NOT NULL AUTO_INCREMENT,
  `menu_title` varchar(200) COLLATE utf8_unicode_ci DEFAULT NULL,
  `page_url` varchar(250) COLLATE utf8_unicode_ci DEFAULT NULL,
  `module` varchar(200) COLLATE utf8_unicode_ci DEFAULT NULL,
  `parent_menu` int(11) DEFAULT NULL,
  `is_report` tinyint(1) DEFAULT NULL,
  `createby` int(11) NOT NULL,
  `createdate` datetime NOT NULL,
  PRIMARY KEY (`menu_id`)
) ENGINE=InnoDB AUTO_INCREMENT=220 DEFAULT CHARSET=utf8 COLLATE=utf8_unicode_ci;

--
-- Dumping data for table `sec_menu_item`
--

INSERT INTO `sec_menu_item` (`menu_id`, `menu_title`, `page_url`, `module`, `parent_menu`, `is_report`, `createby`, `createdate`) VALUES
(134, 'asset_type', 'type_form', 'asset', 0, 0, 2, '2018-10-04 00:00:00'),
(137, 'equipment', 'equipment_form', 'asset', NULL, 0, 2, '2018-10-04 00:00:00'),
(142, 'asset_assignment', 'maping_form', 'asset', NULL, 0, 2, '2018-10-04 00:00:00'),
(143, 'return', '', 'asset', NULL, 0, 2, '2018-10-04 00:00:00'),
(144, 'return_asset', 'asset_return_form', 'asset', 143, 0, 2, '2018-10-04 00:00:00'),
(145, 'return_list', 'return_list', 'asset', 143, 0, 2, '2018-10-04 00:00:00'),
(147, 'attendance', '', 'attendance', 0, 0, 2, '2018-10-04 00:00:00'),
(148, 'atn_form', 'atnview', 'attendance', 147, 0, 2, '2018-10-04 00:00:00'),
(149, 'new_award', 'award_form', 'award', 0, 0, 2, '2018-10-04 00:00:00'),
(150, 'candidate_basic_info', '', 'recruitment', 0, 0, 2, '2018-10-04 00:00:00'),
(151, 'add_canbasic_info', 'canInfo_form', 'recruitment', 150, 0, 2, '2018-10-04 00:00:00'),
(152, 'can_basicinfo_list', 'canInfoview', 'recruitment', 150, 0, 2, '2018-10-04 00:00:00'),
(153, 'candidate_shortlist', 'shortlist_form', 'recruitment', 0, 0, 2, '2018-10-04 00:00:00'),
(154, 'candidate_interview', 'interview_form', 'recruitment', 0, 0, 2, '2018-10-04 00:00:00'),
(155, 'candidate_selection', 'selection_form', 'recruitment', 0, 0, 2, '2018-10-04 00:00:00'),
(156, 'department', 'dept_form', 'department', 0, 0, 2, '2018-10-04 00:00:00'),
(157, 'division', '', 'department', 0, 0, 2, '2018-10-04 00:00:00'),
(158, 'add_division', 'division_form', 'department', 157, 0, 2, '2018-10-04 00:00:00'),
(159, 'division_list', 'division_list', 'department', 157, 0, 2, '2018-10-04 00:00:00'),
(161, 'position', 'position_form', 'employee', 0, 0, 2, '2018-10-04 00:00:00'),
(162, 'direct_empl', '', 'employee', 0, 0, 2, '2018-10-04 00:00:00'),
(163, 'add_employee', 'employ_form', 'employee', 162, 0, 2, '2018-10-04 00:00:00'),
(164, 'manage_employee', 'employee_view', 'employee', 162, 0, 2, '2018-10-04 00:00:00'),
(165, 'emp_performance', 'emp_performance_form', 'employee', 0, 0, 2, '2018-10-04 00:00:00'),
(167, 'weekly_holiday', 'weeklyform', 'leave', 0, 0, 2, '2018-10-08 00:00:00'),
(168, 'holiday', 'holiday_form', 'leave', 0, 0, 2, '2018-10-08 00:00:00'),
(169, 'others_leave_application', '', 'leave', NULL, 0, 2, '2018-10-08 00:00:00'),
(170, 'loan_grand', 'grandloan_form', 'loan', 0, 0, 2, '2018-10-08 00:00:00'),
(171, 'loan_installment', 'installment_form', 'loan', 0, 0, 2, '2018-10-08 00:00:00'),
(172, 'loan_report', 'ln_report', 'loan', 0, 0, 2, '2018-10-08 00:00:00'),
(173, 'notice', 'notice_form', 'noticeboard', 0, 0, 2, '2018-10-08 00:00:00'),
(174, 'salary_type_setup', 'emp_salarysetup_form', 'payroll', NULL, 0, 2, '2018-10-08 00:00:00'),
(175, 'salary_setup', 'salarysetup_form', 'payroll', 0, 0, 2, '2018-10-08 00:00:00'),
(176, 'salary_generate', 'salary_generate_form', 'payroll', 0, 0, 2, '2018-10-08 00:00:00'),
(177, 'employee_reports', '', 'reports', 0, 0, 2, '2018-10-09 00:00:00'),
(178, 'demographic_report', 'demographic_list', 'reports', 177, 0, 2, '2018-10-09 00:00:00'),
(179, 'posting_report', 'positional_list', 'reports', 177, 0, 2, '2018-10-09 00:00:00'),
(180, 'asset', 'assets_list', 'reports', 177, 0, 2, '2018-10-09 00:00:00'),
(181, 'benifit_report', 'benifit_list', 'reports', 177, 0, 2, '2018-10-09 00:00:00'),
(182, 'custom_report', 'custom_list', 'reports', 177, 0, 2, '2018-10-09 00:00:00'),
(183, 'adhoc_report', 'adhoc_form', 'reports', 0, 0, 2, '2018-10-09 00:00:00'),
(186, 'add_leave_type', 'leave_type_form', 'leave', 169, 0, 2, '2018-10-16 00:00:00'),
(187, 'leave_application', 'other_leave_application_form', 'leave', 169, 0, 2, '2018-10-16 00:00:00'),
(188, 'c_o_a', 'treeview', 'accounts', NULL, 0, 2, '2018-10-18 00:00:00'),
(189, 'balance_adjustment', 'balance_adjustment', 'accounts', 0, 0, 2, '2019-12-14 00:00:00'),
(190, 'cash_adjustment', 'cash_adjustment', 'accounts', 0, 0, 2, '2019-12-14 00:00:00'),
(191, 'bank_adjustment', 'bank_adjustment', 'accounts', 0, 0, 2, '2019-12-14 00:00:00'),
(192, 'payment_type', 'payment_type', 'accounts', 0, 0, 2, '2019-12-14 00:00:00'),
(193, 'debit_voucher', 'debit_voucher', 'accounts', 0, 0, 2, '2018-10-18 00:00:00'),
(194, 'credit_voucher', 'credit_voucher', 'accounts', 0, 0, 2, '2018-10-18 00:00:00'),
(195, 'contra_voucher', 'contra_voucher', 'accounts', 0, 0, 2, '2018-10-18 00:00:00'),
(196, 'journal_voucher', 'journal_voucher', 'accounts', 0, 0, 2, '2018-10-18 00:00:00'),
(197, 'voucher_approval', 'voucher_approve', 'accounts', 0, 0, 2, '2018-10-18 00:00:00'),
(198, 'account_report', '', 'accounts', 0, 0, 2, '2018-10-18 00:00:00'),
(199, 'voucher_report', 'coa', 'accounts', 194, 0, 2, '2018-10-18 00:00:00'),
(200, 'cash_book', 'cash_book', 'accounts', 194, 0, 2, '2018-10-18 00:00:00'),
(201, 'bank_book', 'bank_book', 'accounts', 194, 0, 2, '2018-10-18 00:00:00'),
(202, 'general_ledger', 'general_ledger', 'accounts', 194, 0, 2, '2018-10-18 00:00:00'),
(203, 'trial_balance', 'trial_balance', 'accounts', 194, 0, 2, '2018-10-18 00:00:00'),
(204, 'add_bank', 'add_bank', 'bank', 0, 0, 2, '2019-12-14 00:00:00'),
(205, 'bank_list', 'bank_list', 'bank', 0, 0, 2, '2019-12-14 00:00:00'),
(206, 'profit_loss', 'profit_loss_report', 'accounts', 194, 0, 2, '2018-10-18 00:00:00'),
(207, 'cash_flow', 'cash_flow_report', 'accounts', 194, 0, 2, '2018-10-18 00:00:00'),
(208, 'coa_print', 'coa_print', 'accounts', 194, 0, 2, '2018-10-18 00:00:00'),
(211, 'atn_log_datewise', 'attendance_log_datewise', 'attendance', 147, 0, 2, '2019-12-14 00:00:00'),
(212, 'device_connection', 'device_connect_form', 'attendance', 0, 0, 2, '2019-12-14 00:00:00'),
(213, 'expense_item', 'add_expense', 'expense', 0, 0, 2, '2019-12-14 00:00:00'),
(214, 'expense_sheet', 'expense_sheet', 'expense', 0, 0, 2, '2019-12-14 00:00:00'),
(215, 'expense_statement', 'expense_statement_form', 'expense', 0, 0, 2, '2019-12-14 00:00:00'),
(216, 'income_field', 'add_income', 'income', 0, 0, 2, '2019-12-14 00:00:00'),
(217, 'income_sheet', 'income_sheet', 'income', 0, 0, 2, '2019-12-14 00:00:00'),
(218, 'income_statement', 'income_statement_form', 'income', 0, 0, 2, '2019-12-14 00:00:00'),
(219, 'emp_sal_payment', 'paymentview', 'payroll', 0, 0, 2, '2019-12-14 00:00:00'),
(220, 'attendence_point', 'attendence_point', 'rewardpoint', 0, 0, 19, '2020-12-31 00:00:00'),
(221, 'employee_point', 'employee_point', 'rewardpoint', 0, 0, 1, '2020-12-28 00:00:00'),
(222, 'collaborative_point', 'collaborative_point', 'rewardpoint', 0, 0, 1, '2020-12-28 00:00:00'),
(223, 'management_point', 'management_point', 'rewardpoint', 0, 0, 1, '2020-12-28 00:00:00'),
(224, 'point_categories', 'point_categories', 'rewardpoint', 0, 0, 1, '2020-12-28 00:00:00'),
(225, 'point_settings', 'point_settings', 'rewardpoint', 0, 0, 1, '2020-12-28 00:00:00'),
(226, 'requests', 'requests', 'procurements', 0, 0, 1, '2021-03-10 00:00:00'),
(227, 'request_form', 'request_form', 'procurements', 226, 0, 1, '2021-03-10 00:00:00'),
(228, 'request_list', 'request_list', 'procurements', 226, 0, 1, '2021-03-10 00:00:00'),
(229, 'request_approval', 'request_approval', 'procurements', 226, 0, 1, '2021-03-10 00:00:00'),
(230, 'quotation', '', 'procurements', 0, 0, 1, '2021-03-10 00:00:00'),
(231, 'bid_analysis', '', 'procurements', 0, 0, 1, '2021-03-10 00:00:00'),
(232, 'bid_analysis_form', 'bid_analysis_form', 'procurements', 231, 0, 1, '2021-03-10 00:00:00'),
(233, 'bid_analysis_list', 'bid_analysis_list', 'procurements', 231, 0, 1, '2021-03-10 00:00:00'),
(234, 'purchase_order', '', 'procurements', 0, 0, 1, '2021-03-10 00:00:00'),
(235, 'purchase_order_form', 'purchase_order_form', 'procurements', 234, 0, 1, '2021-03-10 00:00:00'),
(236, 'purchase_order_list', 'purchase_order_list', 'procurements', 234, 0, 1, '2021-03-10 00:00:00'),
(237, 'good_received', '', 'procurements', 0, 0, 1, '2021-03-10 00:00:00'),
(238, 'good_received_form', 'good_received_form', 'procurements', 237, 0, 1, '2021-03-10 00:00:00'),
(239, 'good_received_list', 'good_received_list', 'procurements', 237, 0, 1, '2021-03-10 00:00:00'),
(243, 'vendors', '', 'procurements', 0, 0, 1, '2021-03-10 00:00:00'),
(246, 'vendor', 'vendor', 'procurements', 243, 0, 1, '2021-03-10 00:00:00'),
(247, 'vendor_list', 'vendor_list', 'procurements', 243, 0, 1, '2021-03-10 00:00:00'),
(248, 'clients', 'clients', 'projectmanagement', 0, 0, 1, '2021-03-10 00:00:00'),
(249, 'projects', 'projects', 'projectmanagement', 0, 0, 1, '2021-03-10 00:00:00'),
(250, 'task', 'task', 'projectmanagement', 0, 0, 1, '2021-03-10 00:00:00'),
(251, 'sprint', 'sprint', 'projectmanagement', 0, 0, 1, '2021-03-10 00:00:00'),
(252, 'manage_tasks', 'manage_tasks', 'projectmanagement', 0, 0, 1, '2021-03-10 00:00:00'),
(253, 'pm_reports', '', 'projectmanagement', 0, 0, 1, '2021-03-10 00:00:00'),
(254, 'project_lists', 'project_lists', 'projectmanagement', 253, 0, 1, '2021-03-10 00:00:00'),
(255, 'team_member', 'team_member', 'projectmanagement', 253, 0, 1, '2021-03-10 00:00:00');

-- --------------------------------------------------------

--
-- Table structure for table `sec_role_permission`
--

CREATE TABLE IF NOT EXISTS `sec_role_permission` (
  `id` bigint(20) NOT NULL AUTO_INCREMENT,
  `role_id` int(11) NOT NULL,
  `menu_id` int(11) NOT NULL,
  `can_access` tinyint(1) NOT NULL,
  `can_create` tinyint(1) NOT NULL,
  `can_edit` tinyint(1) NOT NULL,
  `can_delete` tinyint(1) NOT NULL,
  `createby` int(11) NOT NULL,
  `createdate` datetime NOT NULL,
  PRIMARY KEY (`id`)
) ENGINE=InnoDB DEFAULT CHARSET=utf8 COLLATE=utf8_unicode_ci;

--
-- Dumping data for table `sec_role_permission`
--

INSERT INTO `sec_role_permission` (`id`, `role_id`, `menu_id`, `can_access`, `can_create`, `can_edit`, `can_delete`, `createby`, `createdate`) VALUES
(2687, 2, 188, 0, 0, 0, 0, 1, '2021-02-17 12:37:50'),
(2688, 2, 189, 0, 0, 0, 0, 1, '2021-02-17 12:37:50'),
(2689, 2, 190, 0, 0, 0, 0, 1, '2021-02-17 12:37:50'),
(2690, 2, 191, 0, 0, 0, 0, 1, '2021-02-17 12:37:50'),
(2691, 2, 192, 0, 0, 0, 0, 1, '2021-02-17 12:37:50'),
(2692, 2, 193, 0, 0, 0, 0, 1, '2021-02-17 12:37:50'),
(2693, 2, 194, 0, 0, 0, 0, 1, '2021-02-17 12:37:50'),
(2694, 2, 195, 0, 0, 0, 0, 1, '2021-02-17 12:37:50'),
(2695, 2, 196, 0, 0, 0, 0, 1, '2021-02-17 12:37:50'),
(2696, 2, 197, 0, 0, 0, 0, 1, '2021-02-17 12:37:50'),
(2697, 2, 198, 0, 0, 0, 0, 1, '2021-02-17 12:37:50'),
(2698, 2, 199, 0, 0, 0, 0, 1, '2021-02-17 12:37:50'),
(2699, 2, 200, 0, 0, 0, 0, 1, '2021-02-17 12:37:50'),
(2700, 2, 201, 0, 0, 0, 0, 1, '2021-02-17 12:37:50'),
(2701, 2, 202, 0, 0, 0, 0, 1, '2021-02-17 12:37:50'),
(2702, 2, 203, 0, 0, 0, 0, 1, '2021-02-17 12:37:50'),
(2703, 2, 206, 0, 0, 0, 0, 1, '2021-02-17 12:37:50'),
(2704, 2, 207, 0, 0, 0, 0, 1, '2021-02-17 12:37:50'),
(2705, 2, 208, 0, 0, 0, 0, 1, '2021-02-17 12:37:50'),
(2706, 2, 134, 1, 1, 0, 0, 1, '2021-02-17 12:37:50'),
(2707, 2, 137, 1, 1, 0, 0, 1, '2021-02-17 12:37:50'),
(2708, 2, 142, 1, 1, 0, 0, 1, '2021-02-17 12:37:50'),
(2709, 2, 143, 1, 1, 0, 0, 1, '2021-02-17 12:37:50'),
(2710, 2, 144, 1, 1, 1, 0, 1, '2021-02-17 12:37:50'),
(2711, 2, 145, 1, 1, 0, 0, 1, '2021-02-17 12:37:50'),
(2712, 2, 147, 1, 1, 0, 0, 1, '2021-02-17 12:37:50'),
(2713, 2, 148, 1, 1, 0, 0, 1, '2021-02-17 12:37:50'),
(2714, 2, 211, 1, 1, 0, 0, 1, '2021-02-17 12:37:50'),
(2715, 2, 212, 0, 0, 0, 0, 1, '2021-02-17 12:37:50'),
(2716, 2, 149, 0, 0, 0, 0, 1, '2021-02-17 12:37:50'),
(2717, 2, 204, 0, 0, 0, 0, 1, '2021-02-17 12:37:50'),
(2718, 2, 205, 0, 0, 0, 0, 1, '2021-02-17 12:37:50'),
(2719, 2, 156, 0, 0, 0, 0, 1, '2021-02-17 12:37:50'),
(2720, 2, 157, 0, 0, 0, 0, 1, '2021-02-17 12:37:50'),
(2721, 2, 158, 0, 0, 0, 0, 1, '2021-02-17 12:37:50'),
(2722, 2, 159, 0, 0, 0, 0, 1, '2021-02-17 12:37:50'),
(2723, 2, 161, 0, 0, 0, 0, 1, '2021-02-17 12:37:50'),
(2724, 2, 162, 0, 0, 0, 0, 1, '2021-02-17 12:37:50'),
(2725, 2, 163, 0, 0, 0, 0, 1, '2021-02-17 12:37:50'),
(2726, 2, 164, 0, 0, 0, 0, 1, '2021-02-17 12:37:50'),
(2727, 2, 165, 0, 0, 0, 0, 1, '2021-02-17 12:37:50'),
(2728, 2, 213, 0, 0, 0, 0, 1, '2021-02-17 12:37:50'),
(2729, 2, 214, 0, 0, 0, 0, 1, '2021-02-17 12:37:50'),
(2730, 2, 215, 0, 0, 0, 0, 1, '2021-02-17 12:37:50'),
(2731, 2, 216, 0, 0, 0, 0, 1, '2021-02-17 12:37:50'),
(2732, 2, 217, 0, 0, 0, 0, 1, '2021-02-17 12:37:50'),
(2733, 2, 218, 0, 0, 0, 0, 1, '2021-02-17 12:37:50'),
(2734, 2, 167, 0, 0, 0, 0, 1, '2021-02-17 12:37:50'),
(2735, 2, 168, 0, 0, 0, 0, 1, '2021-02-17 12:37:50'),
(2736, 2, 169, 0, 0, 0, 0, 1, '2021-02-17 12:37:50'),
(2737, 2, 186, 0, 0, 0, 0, 1, '2021-02-17 12:37:50'),
(2738, 2, 187, 0, 0, 0, 0, 1, '2021-02-17 12:37:50'),
(2739, 2, 170, 0, 0, 0, 0, 1, '2021-02-17 12:37:50'),
(2740, 2, 171, 0, 0, 0, 0, 1, '2021-02-17 12:37:50'),
(2741, 2, 172, 0, 0, 0, 0, 1, '2021-02-17 12:37:50'),
(2742, 2, 173, 0, 0, 0, 0, 1, '2021-02-17 12:37:50'),
(2743, 2, 174, 0, 0, 0, 0, 1, '2021-02-17 12:37:50'),
(2744, 2, 175, 0, 0, 0, 0, 1, '2021-02-17 12:37:50'),
(2745, 2, 176, 0, 0, 0, 0, 1, '2021-02-17 12:37:50'),
(2746, 2, 219, 0, 0, 0, 0, 1, '2021-02-17 12:37:50'),
(2747, 2, 150, 0, 0, 0, 0, 1, '2021-02-17 12:37:50'),
(2748, 2, 151, 0, 0, 0, 0, 1, '2021-02-17 12:37:50'),
(2749, 2, 152, 0, 0, 0, 0, 1, '2021-02-17 12:37:50'),
(2750, 2, 153, 0, 0, 0, 0, 1, '2021-02-17 12:37:50'),
(2751, 2, 154, 0, 0, 0, 0, 1, '2021-02-17 12:37:50'),
(2752, 2, 155, 0, 0, 0, 0, 1, '2021-02-17 12:37:50'),
(2753, 2, 177, 0, 0, 0, 0, 1, '2021-02-17 12:37:50'),
(2754, 2, 178, 0, 0, 0, 0, 1, '2021-02-17 12:37:50'),
(2755, 2, 179, 0, 0, 0, 0, 1, '2021-02-17 12:37:50'),
(2756, 2, 180, 0, 0, 0, 0, 1, '2021-02-17 12:37:50'),
(2757, 2, 181, 0, 0, 0, 0, 1, '2021-02-17 12:37:50'),
(2758, 2, 182, 0, 0, 0, 0, 1, '2021-02-17 12:37:50'),
(2759, 2, 183, 0, 0, 0, 0, 1, '2021-02-17 12:37:50'),
(2760, 2, 220, 1, 1, 1, 1, 1, '2021-02-17 12:37:50'),
(2761, 2, 221, 1, 1, 1, 1, 1, '2021-02-17 12:37:50'),
(2762, 2, 222, 1, 1, 0, 0, 1, '2021-02-17 12:37:50'),
(2763, 2, 223, 1, 1, 0, 0, 1, '2021-02-17 12:37:50'),
(2764, 2, 224, 1, 1, 0, 0, 1, '2021-02-17 12:37:50'),
(2765, 2, 225, 1, 1, 1, 1, 1, '2021-02-17 12:37:50'),
(3548, 3, 188, 0, 0, 0, 0, 1, '2021-06-16 08:27:38'),
(3549, 3, 189, 0, 0, 0, 0, 1, '2021-06-16 08:27:38'),
(3550, 3, 190, 0, 0, 0, 0, 1, '2021-06-16 08:27:38'),
(3551, 3, 191, 0, 0, 0, 0, 1, '2021-06-16 08:27:38'),
(3552, 3, 192, 0, 0, 0, 0, 1, '2021-06-16 08:27:38'),
(3553, 3, 193, 0, 0, 0, 0, 1, '2021-06-16 08:27:38'),
(3554, 3, 194, 0, 0, 0, 0, 1, '2021-06-16 08:27:38'),
(3555, 3, 195, 0, 0, 0, 0, 1, '2021-06-16 08:27:38'),
(3556, 3, 196, 0, 0, 0, 0, 1, '2021-06-16 08:27:38'),
(3557, 3, 197, 0, 0, 0, 0, 1, '2021-06-16 08:27:38'),
(3558, 3, 198, 0, 0, 0, 0, 1, '2021-06-16 08:27:38'),
(3559, 3, 199, 0, 0, 0, 0, 1, '2021-06-16 08:27:38'),
(3560, 3, 200, 0, 0, 0, 0, 1, '2021-06-16 08:27:38'),
(3561, 3, 201, 0, 0, 0, 0, 1, '2021-06-16 08:27:38'),
(3562, 3, 202, 0, 0, 0, 0, 1, '2021-06-16 08:27:38'),
(3563, 3, 203, 0, 0, 0, 0, 1, '2021-06-16 08:27:38'),
(3564, 3, 206, 0, 0, 0, 0, 1, '2021-06-16 08:27:38'),
(3565, 3, 207, 0, 0, 0, 0, 1, '2021-06-16 08:27:38'),
(3566, 3, 208, 0, 0, 0, 0, 1, '2021-06-16 08:27:38'),
(3567, 3, 134, 0, 0, 0, 0, 1, '2021-06-16 08:27:38'),
(3568, 3, 137, 0, 0, 0, 0, 1, '2021-06-16 08:27:38'),
(3569, 3, 142, 0, 0, 0, 0, 1, '2021-06-16 08:27:38'),
(3570, 3, 143, 0, 0, 0, 0, 1, '2021-06-16 08:27:38'),
(3571, 3, 144, 0, 0, 0, 0, 1, '2021-06-16 08:27:38'),
(3572, 3, 145, 0, 0, 0, 0, 1, '2021-06-16 08:27:38'),
(3573, 3, 147, 0, 0, 0, 0, 1, '2021-06-16 08:27:38'),
(3574, 3, 148, 0, 0, 0, 0, 1, '2021-06-16 08:27:38'),
(3575, 3, 211, 0, 0, 0, 0, 1, '2021-06-16 08:27:38'),
(3576, 3, 212, 0, 0, 0, 0, 1, '2021-06-16 08:27:38'),
(3577, 3, 149, 0, 0, 0, 0, 1, '2021-06-16 08:27:38'),
(3578, 3, 204, 0, 0, 0, 0, 1, '2021-06-16 08:27:38'),
(3579, 3, 205, 0, 0, 0, 0, 1, '2021-06-16 08:27:38'),
(3580, 3, 156, 0, 0, 0, 0, 1, '2021-06-16 08:27:38'),
(3581, 3, 157, 0, 0, 0, 0, 1, '2021-06-16 08:27:38'),
(3582, 3, 158, 0, 0, 0, 0, 1, '2021-06-16 08:27:38'),
(3583, 3, 159, 0, 0, 0, 0, 1, '2021-06-16 08:27:38'),
(3584, 3, 161, 0, 0, 0, 0, 1, '2021-06-16 08:27:38'),
(3585, 3, 162, 0, 0, 0, 0, 1, '2021-06-16 08:27:38'),
(3586, 3, 163, 0, 0, 0, 0, 1, '2021-06-16 08:27:38'),
(3587, 3, 164, 0, 0, 0, 0, 1, '2021-06-16 08:27:38'),
(3588, 3, 165, 0, 0, 0, 0, 1, '2021-06-16 08:27:38'),
(3589, 3, 213, 0, 0, 0, 0, 1, '2021-06-16 08:27:38'),
(3590, 3, 214, 0, 0, 0, 0, 1, '2021-06-16 08:27:38'),
(3591, 3, 215, 0, 0, 0, 0, 1, '2021-06-16 08:27:38'),
(3592, 3, 216, 0, 0, 0, 0, 1, '2021-06-16 08:27:38'),
(3593, 3, 217, 0, 0, 0, 0, 1, '2021-06-16 08:27:38'),
(3594, 3, 218, 0, 0, 0, 0, 1, '2021-06-16 08:27:38'),
(3595, 3, 167, 0, 0, 0, 0, 1, '2021-06-16 08:27:38'),
(3596, 3, 168, 0, 0, 0, 0, 1, '2021-06-16 08:27:38'),
(3597, 3, 169, 0, 0, 0, 0, 1, '2021-06-16 08:27:38'),
(3598, 3, 186, 0, 0, 0, 0, 1, '2021-06-16 08:27:38'),
(3599, 3, 187, 0, 0, 0, 0, 1, '2021-06-16 08:27:38'),
(3600, 3, 170, 0, 0, 0, 0, 1, '2021-06-16 08:27:38'),
(3601, 3, 171, 0, 0, 0, 0, 1, '2021-06-16 08:27:38'),
(3602, 3, 172, 0, 0, 0, 0, 1, '2021-06-16 08:27:38'),
(3603, 3, 173, 0, 0, 0, 0, 1, '2021-06-16 08:27:38'),
(3604, 3, 174, 0, 0, 0, 0, 1, '2021-06-16 08:27:38'),
(3605, 3, 175, 0, 0, 0, 0, 1, '2021-06-16 08:27:38'),
(3606, 3, 176, 0, 0, 0, 0, 1, '2021-06-16 08:27:38'),
(3607, 3, 219, 0, 0, 0, 0, 1, '2021-06-16 08:27:38'),
(3608, 3, 226, 0, 0, 0, 0, 1, '2021-06-16 08:27:38'),
(3609, 3, 227, 0, 0, 0, 0, 1, '2021-06-16 08:27:38'),
(3610, 3, 228, 0, 0, 0, 0, 1, '2021-06-16 08:27:38'),
(3611, 3, 229, 0, 0, 0, 0, 1, '2021-06-16 08:27:38'),
(3612, 3, 230, 0, 0, 0, 0, 1, '2021-06-16 08:27:38'),
(3613, 3, 231, 0, 0, 0, 0, 1, '2021-06-16 08:27:38'),
(3614, 3, 232, 0, 0, 0, 0, 1, '2021-06-16 08:27:38'),
(3615, 3, 233, 0, 0, 0, 0, 1, '2021-06-16 08:27:38'),
(3616, 3, 234, 0, 0, 0, 0, 1, '2021-06-16 08:27:38'),
(3617, 3, 235, 0, 0, 0, 0, 1, '2021-06-16 08:27:38'),
(3618, 3, 236, 0, 0, 0, 0, 1, '2021-06-16 08:27:38'),
(3619, 3, 237, 0, 0, 0, 0, 1, '2021-06-16 08:27:38'),
(3620, 3, 238, 0, 0, 0, 0, 1, '2021-06-16 08:27:38'),
(3621, 3, 239, 0, 0, 0, 0, 1, '2021-06-16 08:27:38'),
(3622, 3, 243, 0, 0, 0, 0, 1, '2021-06-16 08:27:38'),
(3623, 3, 246, 0, 0, 0, 0, 1, '2021-06-16 08:27:38'),
(3624, 3, 247, 0, 0, 0, 0, 1, '2021-06-16 08:27:38'),
(3625, 3, 248, 1, 1, 1, 1, 1, '2021-06-16 08:27:38'),
(3626, 3, 249, 1, 1, 1, 1, 1, '2021-06-16 08:27:38'),
(3627, 3, 250, 1, 1, 1, 1, 1, '2021-06-16 08:27:38'),
(3628, 3, 251, 1, 1, 1, 1, 1, '2021-06-16 08:27:38'),
(3629, 3, 252, 1, 1, 1, 1, 1, '2021-06-16 08:27:38'),
(3630, 3, 253, 1, 0, 0, 0, 1, '2021-06-16 08:27:38'),
(3631, 3, 254, 1, 0, 0, 0, 1, '2021-06-16 08:27:38'),
(3632, 3, 255, 1, 0, 0, 0, 1, '2021-06-16 08:27:38'),
(3633, 3, 150, 0, 0, 0, 0, 1, '2021-06-16 08:27:38'),
(3634, 3, 151, 0, 0, 0, 0, 1, '2021-06-16 08:27:38'),
(3635, 3, 152, 0, 0, 0, 0, 1, '2021-06-16 08:27:38'),
(3636, 3, 153, 0, 0, 0, 0, 1, '2021-06-16 08:27:38'),
(3637, 3, 154, 0, 0, 0, 0, 1, '2021-06-16 08:27:38'),
(3638, 3, 155, 0, 0, 0, 0, 1, '2021-06-16 08:27:38'),
(3639, 3, 177, 0, 0, 0, 0, 1, '2021-06-16 08:27:38'),
(3640, 3, 178, 0, 0, 0, 0, 1, '2021-06-16 08:27:38'),
(3641, 3, 179, 0, 0, 0, 0, 1, '2021-06-16 08:27:38'),
(3642, 3, 180, 0, 0, 0, 0, 1, '2021-06-16 08:27:38'),
(3643, 3, 181, 0, 0, 0, 0, 1, '2021-06-16 08:27:38'),
(3644, 3, 182, 0, 0, 0, 0, 1, '2021-06-16 08:27:38'),
(3645, 3, 183, 0, 0, 0, 0, 1, '2021-06-16 08:27:38'),
(3646, 3, 220, 0, 0, 0, 0, 1, '2021-06-16 08:27:38'),
(3647, 3, 221, 0, 0, 0, 0, 1, '2021-06-16 08:27:38'),
(3648, 3, 222, 0, 0, 0, 0, 1, '2021-06-16 08:27:38'),
(3649, 3, 223, 0, 0, 0, 0, 1, '2021-06-16 08:27:38'),
(3650, 3, 224, 0, 0, 0, 0, 1, '2021-06-16 08:27:38'),
(3651, 3, 225, 0, 0, 0, 0, 1, '2021-06-16 08:27:38'),
(3756, 1, 188, 0, 0, 0, 0, 1, '2021-06-16 12:10:05'),
(3757, 1, 189, 0, 0, 0, 0, 1, '2021-06-16 12:10:05'),
(3758, 1, 190, 0, 0, 0, 0, 1, '2021-06-16 12:10:05'),
(3759, 1, 191, 0, 0, 0, 0, 1, '2021-06-16 12:10:05'),
(3760, 1, 192, 0, 0, 0, 0, 1, '2021-06-16 12:10:05'),
(3761, 1, 193, 0, 0, 0, 0, 1, '2021-06-16 12:10:05'),
(3762, 1, 194, 0, 0, 0, 0, 1, '2021-06-16 12:10:05'),
(3763, 1, 195, 0, 0, 0, 0, 1, '2021-06-16 12:10:05'),
(3764, 1, 196, 0, 0, 0, 0, 1, '2021-06-16 12:10:05'),
(3765, 1, 197, 0, 0, 0, 0, 1, '2021-06-16 12:10:05'),
(3766, 1, 198, 0, 0, 0, 0, 1, '2021-06-16 12:10:05'),
(3767, 1, 199, 0, 0, 0, 0, 1, '2021-06-16 12:10:05'),
(3768, 1, 200, 0, 0, 0, 0, 1, '2021-06-16 12:10:05'),
(3769, 1, 201, 0, 0, 0, 0, 1, '2021-06-16 12:10:05'),
(3770, 1, 202, 0, 0, 0, 0, 1, '2021-06-16 12:10:05'),
(3771, 1, 203, 0, 0, 0, 0, 1, '2021-06-16 12:10:05'),
(3772, 1, 206, 0, 0, 0, 0, 1, '2021-06-16 12:10:05'),
(3773, 1, 207, 0, 0, 0, 0, 1, '2021-06-16 12:10:05'),
(3774, 1, 208, 0, 0, 0, 0, 1, '2021-06-16 12:10:05'),
(3775, 1, 134, 0, 0, 0, 0, 1, '2021-06-16 12:10:05'),
(3776, 1, 137, 0, 0, 0, 0, 1, '2021-06-16 12:10:05'),
(3777, 1, 142, 0, 0, 0, 0, 1, '2021-06-16 12:10:05'),
(3778, 1, 143, 0, 0, 0, 0, 1, '2021-06-16 12:10:05'),
(3779, 1, 144, 0, 0, 0, 0, 1, '2021-06-16 12:10:05'),
(3780, 1, 145, 0, 0, 0, 0, 1, '2021-06-16 12:10:05'),
(3781, 1, 147, 0, 0, 0, 0, 1, '2021-06-16 12:10:05'),
(3782, 1, 148, 0, 0, 0, 0, 1, '2021-06-16 12:10:05'),
(3783, 1, 211, 1, 1, 0, 0, 1, '2021-06-16 12:10:05'),
(3784, 1, 212, 0, 0, 0, 0, 1, '2021-06-16 12:10:05'),
(3785, 1, 149, 0, 0, 0, 0, 1, '2021-06-16 12:10:05'),
(3786, 1, 204, 0, 0, 0, 0, 1, '2021-06-16 12:10:05'),
(3787, 1, 205, 0, 0, 0, 0, 1, '2021-06-16 12:10:05'),
(3788, 1, 156, 0, 0, 0, 0, 1, '2021-06-16 12:10:05'),
(3789, 1, 157, 0, 0, 0, 0, 1, '2021-06-16 12:10:05'),
(3790, 1, 158, 0, 0, 0, 0, 1, '2021-06-16 12:10:05'),
(3791, 1, 159, 0, 0, 0, 0, 1, '2021-06-16 12:10:05'),
(3792, 1, 161, 0, 0, 0, 0, 1, '2021-06-16 12:10:05'),
(3793, 1, 162, 0, 0, 0, 0, 1, '2021-06-16 12:10:05'),
(3794, 1, 163, 0, 0, 0, 0, 1, '2021-06-16 12:10:05'),
(3795, 1, 164, 0, 0, 0, 0, 1, '2021-06-16 12:10:05'),
(3796, 1, 165, 0, 0, 0, 0, 1, '2021-06-16 12:10:05'),
(3797, 1, 213, 0, 0, 0, 0, 1, '2021-06-16 12:10:05'),
(3798, 1, 214, 0, 0, 0, 0, 1, '2021-06-16 12:10:05'),
(3799, 1, 215, 0, 0, 0, 0, 1, '2021-06-16 12:10:05'),
(3800, 1, 216, 0, 0, 0, 0, 1, '2021-06-16 12:10:05'),
(3801, 1, 217, 0, 0, 0, 0, 1, '2021-06-16 12:10:05'),
(3802, 1, 218, 0, 0, 0, 0, 1, '2021-06-16 12:10:05'),
(3803, 1, 167, 0, 0, 0, 0, 1, '2021-06-16 12:10:05'),
(3804, 1, 168, 0, 0, 0, 0, 1, '2021-06-16 12:10:05'),
(3805, 1, 169, 0, 0, 0, 0, 1, '2021-06-16 12:10:05'),
(3806, 1, 186, 0, 0, 0, 0, 1, '2021-06-16 12:10:05'),
(3807, 1, 187, 0, 0, 0, 0, 1, '2021-06-16 12:10:05'),
(3808, 1, 170, 0, 0, 0, 0, 1, '2021-06-16 12:10:05'),
(3809, 1, 171, 0, 0, 0, 0, 1, '2021-06-16 12:10:05'),
(3810, 1, 172, 0, 0, 0, 0, 1, '2021-06-16 12:10:05'),
(3811, 1, 173, 0, 0, 0, 0, 1, '2021-06-16 12:10:05'),
(3812, 1, 174, 0, 0, 0, 0, 1, '2021-06-16 12:10:05'),
(3813, 1, 175, 0, 0, 0, 0, 1, '2021-06-16 12:10:05'),
(3814, 1, 176, 0, 0, 0, 0, 1, '2021-06-16 12:10:05'),
(3815, 1, 219, 0, 0, 0, 0, 1, '2021-06-16 12:10:05'),
(3816, 1, 226, 0, 0, 0, 0, 1, '2021-06-16 12:10:05'),
(3817, 1, 227, 0, 0, 0, 0, 1, '2021-06-16 12:10:05'),
(3818, 1, 228, 0, 0, 0, 0, 1, '2021-06-16 12:10:05'),
(3819, 1, 229, 0, 0, 0, 0, 1, '2021-06-16 12:10:05'),
(3820, 1, 230, 0, 0, 0, 0, 1, '2021-06-16 12:10:05'),
(3821, 1, 231, 0, 0, 0, 0, 1, '2021-06-16 12:10:05'),
(3822, 1, 232, 0, 0, 0, 0, 1, '2021-06-16 12:10:05'),
(3823, 1, 233, 0, 0, 0, 0, 1, '2021-06-16 12:10:05'),
(3824, 1, 234, 0, 0, 0, 0, 1, '2021-06-16 12:10:05'),
(3825, 1, 235, 0, 0, 0, 0, 1, '2021-06-16 12:10:05'),
(3826, 1, 236, 0, 0, 0, 0, 1, '2021-06-16 12:10:05'),
(3827, 1, 237, 0, 0, 0, 0, 1, '2021-06-16 12:10:05'),
(3828, 1, 238, 0, 0, 0, 0, 1, '2021-06-16 12:10:05'),
(3829, 1, 239, 0, 0, 0, 0, 1, '2021-06-16 12:10:05'),
(3830, 1, 243, 0, 0, 0, 0, 1, '2021-06-16 12:10:05'),
(3831, 1, 246, 0, 0, 0, 0, 1, '2021-06-16 12:10:05'),
(3832, 1, 247, 0, 0, 0, 0, 1, '2021-06-16 12:10:05'),
(3833, 1, 248, 0, 0, 0, 0, 1, '2021-06-16 12:10:05'),
(3834, 1, 249, 0, 0, 0, 0, 1, '2021-06-16 12:10:05'),
(3835, 1, 250, 1, 1, 1, 0, 1, '2021-06-16 12:10:05'),
(3836, 1, 251, 1, 1, 1, 0, 1, '2021-06-16 12:10:05'),
(3837, 1, 252, 1, 1, 1, 1, 1, '2021-06-16 12:10:05'),
(3838, 1, 253, 1, 0, 0, 0, 1, '2021-06-16 12:10:05'),
(3839, 1, 254, 1, 0, 0, 0, 1, '2021-06-16 12:10:05'),
(3840, 1, 255, 0, 0, 0, 0, 1, '2021-06-16 12:10:05'),
(3841, 1, 150, 0, 0, 0, 0, 1, '2021-06-16 12:10:05'),
(3842, 1, 151, 0, 0, 0, 0, 1, '2021-06-16 12:10:05'),
(3843, 1, 152, 0, 0, 0, 0, 1, '2021-06-16 12:10:05'),
(3844, 1, 153, 0, 0, 0, 0, 1, '2021-06-16 12:10:05'),
(3845, 1, 154, 0, 0, 0, 0, 1, '2021-06-16 12:10:05'),
(3846, 1, 155, 0, 0, 0, 0, 1, '2021-06-16 12:10:05'),
(3847, 1, 177, 0, 0, 0, 0, 1, '2021-06-16 12:10:05'),
(3848, 1, 178, 0, 0, 0, 0, 1, '2021-06-16 12:10:05'),
(3849, 1, 179, 0, 0, 0, 0, 1, '2021-06-16 12:10:05'),
(3850, 1, 180, 0, 0, 0, 0, 1, '2021-06-16 12:10:05'),
(3851, 1, 181, 0, 0, 0, 0, 1, '2021-06-16 12:10:05'),
(3852, 1, 182, 0, 0, 0, 0, 1, '2021-06-16 12:10:05'),
(3853, 1, 183, 0, 0, 0, 0, 1, '2021-06-16 12:10:05'),
(3854, 1, 220, 0, 0, 0, 0, 1, '2021-06-16 12:10:05'),
(3855, 1, 221, 1, 0, 0, 0, 1, '2021-06-16 12:10:05'),
(3856, 1, 222, 1, 1, 0, 0, 1, '2021-06-16 12:10:05'),
(3857, 1, 223, 0, 0, 0, 0, 1, '2021-06-16 12:10:05'),
(3858, 1, 224, 0, 0, 0, 0, 1, '2021-06-16 12:10:05'),
(3859, 1, 225, 0, 0, 0, 0, 1, '2021-06-16 12:10:05');

-- --------------------------------------------------------

--
-- Table structure for table `sec_role_tbl`
--

CREATE TABLE IF NOT EXISTS `sec_role_tbl` (
  `role_id` int(11) NOT NULL AUTO_INCREMENT,
  `role_name` text NOT NULL,
  `role_description` text NOT NULL,
  `create_by` int(11) DEFAULT NULL,
  `date_time` datetime DEFAULT NULL,
  `role_status` int(11) NOT NULL DEFAULT '1',
  PRIMARY KEY (`role_id`)
) ENGINE=InnoDB AUTO_INCREMENT=2 DEFAULT CHARSET=utf8;

--
-- Dumping data for table `sec_role_tbl`
--

INSERT INTO `sec_role_tbl` (`role_id`, `role_name`, `role_description`, `create_by`, `date_time`, `role_status`) VALUES
(1, 'Employee', 'All employee get default this role', 2, '2020-04-04 11:22:31', 1),
(2, 'New Role', 'testing reward point and asset module permissions', 1, '2021-02-15 07:52:09', 1),
(3, 'Project Management', 'Supervisor user will handle all project management based work.', 1, '2021-02-15 07:52:09', 1);

-- --------------------------------------------------------

--
-- Table structure for table `sec_user_access_tbl`
--

CREATE TABLE IF NOT EXISTS `sec_user_access_tbl` (
  `role_acc_id` int(11) NOT NULL AUTO_INCREMENT,
  `fk_role_id` int(11) NOT NULL,
  `fk_user_id` int(11) NOT NULL,
  PRIMARY KEY (`role_acc_id`)
) ENGINE=InnoDB  DEFAULT CHARSET=utf8;



--
-- Table structure for table `setting`
--

CREATE TABLE IF NOT EXISTS `setting` (
  `id` int(11) NOT NULL AUTO_INCREMENT,
  `title` varchar(255) DEFAULT NULL,
  `address` text,
  `email` varchar(50) DEFAULT NULL,
  `phone` varchar(20) DEFAULT NULL,
  `logo` varchar(50) DEFAULT NULL,
  `favicon` varchar(100) DEFAULT NULL,
  `language` varchar(100) DEFAULT NULL,
  `timezone` varchar(150) NOT NULL,
  `site_align` varchar(50) DEFAULT NULL,
  `footer_text` varchar(255) DEFAULT NULL,
  PRIMARY KEY (`id`)
) ENGINE=InnoDB AUTO_INCREMENT=2 DEFAULT CHARSET=utf8;

--
-- Dumping data for table `setting`
--

INSERT INTO `setting` (`id`, `title`, `address`, `email`, `phone`, `logo`, `favicon`, `language`, `timezone`, `site_align`, `footer_text`) VALUES
(1, 'Bdtask Ltds', '4 th Floor  Mannan Plaza ,Khilkhet,Dhaka-1229', 'bdtask@gmail.com', '0123456789', 'assets/img/icons/2017-07-22/HRM.png', 'assets/img/icons/2017-04-03/m.png', 'english', 'Africa/Casablanca', 'LTR', '2019Copyright');

-- --------------------------------------------------------

--
-- Table structure for table `synchronizer_setting`
--

CREATE TABLE IF NOT EXISTS `synchronizer_setting` (
  `id` int(11) NOT NULL AUTO_INCREMENT,
  `hostname` varchar(100) NOT NULL,
  `username` varchar(100) NOT NULL,
  `password` varchar(100) NOT NULL,
  `port` varchar(10) NOT NULL,
  `debug` varchar(10) NOT NULL,
  `project_root` varchar(100) NOT NULL,
  PRIMARY KEY (`id`)
) ENGINE=InnoDB DEFAULT CHARSET=utf8;

-- --------------------------------------------------------

--
-- Table structure for table `user`
--

CREATE TABLE IF NOT EXISTS `user` (
  `id` int(11) NOT NULL AUTO_INCREMENT,
  `firstname` varchar(50) DEFAULT NULL,
  `lastname` varchar(50) DEFAULT NULL,
  `about` text,
  `email` varchar(100) NOT NULL,
  `password` varchar(32) NOT NULL,
  `password_reset_token` varchar(20) DEFAULT NULL,
  `image` varchar(100) DEFAULT NULL,
  `last_login` datetime DEFAULT NULL,
  `last_logout` datetime DEFAULT NULL,
  `ip_address` varchar(14) DEFAULT NULL,
  `status` tinyint(1) NOT NULL DEFAULT '1',
  `is_admin` tinyint(4) NOT NULL DEFAULT '0',
  `token_id` text,
  PRIMARY KEY (`id`)
) ENGINE=InnoDB DEFAULT CHARSET=utf8;

-- --------------------------------------------------------

--
-- Table structure for table `weekly_holiday`
--

CREATE TABLE IF NOT EXISTS `weekly_holiday` (
  `wk_id` int(11) NOT NULL AUTO_INCREMENT,
  `dayname` varchar(30) CHARACTER SET latin1 NOT NULL,
  PRIMARY KEY (`wk_id`)
) ENGINE=InnoDB AUTO_INCREMENT=2 DEFAULT CHARSET=utf8;

--
-- Dumping data for table `weekly_holiday`
--

INSERT INTO `weekly_holiday` (`wk_id`, `dayname`) VALUES
(1, 'Friday,Wednesday');

--
-- Table structure for table `procurement_bid_analysis`
--

CREATE TABLE IF NOT EXISTS `procurement_bid_analysis` (
  `bid_analysis_form_id` int(11) NOT NULL AUTO_INCREMENT,
  `quotation_form_id` int(11) DEFAULT NULL,
  `sba_no` varchar(200) DEFAULT NULL,
  `location` varchar(500) DEFAULT NULL,
  `attachment` text DEFAULT NULL,
  `total` varchar(20) DEFAULT NULL,
  `create_date` date DEFAULT NULL,
  `created_by` varchar(11) DEFAULT NULL,
  `update_date` date DEFAULT NULL,
  `update_by` varchar(11) DEFAULT NULL,
  PRIMARY KEY (`bid_analysis_form_id`)
) ENGINE=InnoDB DEFAULT CHARSET=utf8;

-- --------------------------------------------------------

--
-- Table structure for table `procurement_commitee_list`
--

CREATE TABLE IF NOT EXISTS `procurement_commitee_list` (
  `id` int(11) NOT NULL AUTO_INCREMENT,
  `bid_id` int(11) DEFAULT NULL COMMENT 'when selecting in bid analysis',
  `bid_committee_id` varchar(11) DEFAULT NULL COMMENT 'Selecting in bid analysis',
  `type` varchar(255) DEFAULT NULL,
  `name` varchar(200) DEFAULT NULL,
  `sign_image` text DEFAULT NULL,
  `date` date DEFAULT NULL,
  `created_by` int(11) DEFAULT NULL,
  `created_at` date DEFAULT NULL,
  `updated_by` int(11) DEFAULT NULL,
  `updated_at` date DEFAULT NULL,
  PRIMARY KEY (`id`)
) ENGINE=InnoDB DEFAULT CHARSET=utf8;

-- --------------------------------------------------------

--
-- Table structure for table `procurement_good_received`
--

CREATE TABLE IF NOT EXISTS `procurement_good_received` (
  `good_received_id` int(11) NOT NULL AUTO_INCREMENT,
  `purchase_order_id` int(11) DEFAULT NULL,
  `vendor_name` varchar(200) DEFAULT NULL,
  `vendor_id` varchar(11) DEFAULT NULL,
  `invoice_number` varchar(20) DEFAULT NULL,
  `unit_price_total` varchar(20) DEFAULT NULL,
  `total` varchar(11) DEFAULT NULL,
  `discount` varchar(11) DEFAULT NULL,
  `grand_total` varchar(20) DEFAULT NULL,
  `payment_type` varchar(50) DEFAULT NULL,
  `headnode` varchar(50) DEFAULT NULL,
  `received_by_signature` text DEFAULT NULL,
  `received_by_name` varchar(200) DEFAULT NULL,
  `received_by_title` varchar(200) DEFAULT NULL,
  `created_date` date DEFAULT NULL,
  `created_by` varchar(11) DEFAULT NULL,
  `updated_date` date DEFAULT NULL,
  `updated_by` varchar(11) DEFAULT NULL,
  PRIMARY KEY (`good_received_id`)
) ENGINE=InnoDB DEFAULT CHARSET=utf8;


-- --------------------------------------------------------

--
-- Table structure for table `procurement_items`
--

CREATE TABLE IF NOT EXISTS `procurement_items` (
  `id` int(11) NOT NULL AUTO_INCREMENT,
  `form_id` varchar(20) NOT NULL COMMENT 'id of request , quotation or bid analysis, purchase order and good receive form',
  `item_type` varchar(200) DEFAULT NULL COMMENT 'Type can be request, quote, bid , purchase_order or good receive',
  `company` varchar(500) DEFAULT NULL,
  `description_material` text DEFAULT NULL,
  `reason_of_choosing` varchar(500) DEFAULT NULL COMMENT 'ROF#',
  `remarks` varchar(500) DEFAULT NULL,
  `unit` varchar(50) DEFAULT NULL,
  `quantity` varchar(20) DEFAULT NULL,
  `price_per_unit` varchar(11) DEFAULT NULL,
  `total` varchar(20) DEFAULT NULL,
  PRIMARY KEY (`id`)
) ENGINE=InnoDB DEFAULT CHARSET=utf8;

-- --------------------------------------------------------

--
-- Table structure for table `procurement_purchase_order`
--

CREATE TABLE IF NOT EXISTS `procurement_purchase_order` (
  `purchase_order_id` int(11) NOT NULL AUTO_INCREMENT,
  `good_received_id` int(11) DEFAULT NULL COMMENT 'After using this purchase order in good received, the purchase order id will fill here',
  `quotation_id` varchar(100) DEFAULT NULL,
  `vendor_name` varchar(500) DEFAULT NULL COMMENT 'vendor or company',
  `location` varchar(500) DEFAULT NULL,
  `address` text DEFAULT NULL,
  `total` varchar(20) DEFAULT NULL,
  `discount` varchar(11) DEFAULT NULL,
  `grand_total` varchar(11) DEFAULT NULL,
  `notes` text DEFAULT NULL,
  `authorizer_name` varchar(250) DEFAULT NULL,
  `authorizer_title` varchar(250) DEFAULT NULL,
  `authorizer_signature` text DEFAULT NULL,
  `authorizer_date` date DEFAULT NULL,
  `created_date` date DEFAULT NULL,
  `created_by` varchar(11) DEFAULT NULL,
  `updated_date` date DEFAULT NULL,
  `updated_by` varchar(11) DEFAULT NULL,
  PRIMARY KEY (`purchase_order_id`)
) ENGINE=InnoDB DEFAULT CHARSET=utf8;


-- --------------------------------------------------------

--
-- Table structure for table `procurement_quotation`
--

CREATE TABLE IF NOT EXISTS `procurement_quotation` (
  `quotation_form_id` int(11) NOT NULL AUTO_INCREMENT,
  `request_form_id` int(11) DEFAULT NULL COMMENT 'Converted request no as quote',
  `bid_analysis_id` int(11) DEFAULT NULL COMMENT 'After using this quote in Bid, the bid id will fill here',
  `purchase_order_id` int(11) DEFAULT NULL COMMENT 'After using this quote in purchase order, the purchase id will fill here',
  `name_of_company` varchar(200) DEFAULT NULL COMMENT 'vendor named as company',
  `vendor_id` varchar(11) DEFAULT NULL,
  `address` text DEFAULT NULL,
  `pin_or_equivalent` varchar(200) DEFAULT NULL,
  `expected_date_delivery` date DEFAULT NULL,
  `place_of_delivery` varchar(200) DEFAULT NULL,
  `signature_and_stamp` text DEFAULT NULL,
  `total` varchar(20) DEFAULT NULL,
  `create_date` date DEFAULT NULL,
  `created_by` varchar(10) DEFAULT NULL,
  `update_date` date DEFAULT NULL,
  `updated_by` varchar(10) DEFAULT NULL,
  PRIMARY KEY (`quotation_form_id`)
) ENGINE=InnoDB DEFAULT CHARSET=utf8;

-- --------------------------------------------------------

--
-- Table structure for table `procurement_request_form`
--

CREATE TABLE IF NOT EXISTS `procurement_request_form` (
  `request_form_id` int(11) NOT NULL AUTO_INCREMENT,
  `serial_no` varchar(50) DEFAULT NULL,
  `date` date DEFAULT NULL,
  `requesting_dept` varchar(20) DEFAULT NULL,
  `requesting_person` varchar(200) DEFAULT NULL,
  `requesting_reason` text DEFAULT NULL,
  `expected_start_time` date DEFAULT NULL,
  `expected_end_time` date DEFAULT NULL,
  `is_approve` int(1) NOT NULL DEFAULT 0 COMMENT 'If request is approved or not',
  `reason` text DEFAULT NULL COMMENT 'reason for approval',
  `quoted` tinyint(1) DEFAULT 0 COMMENT '0= not quoted , 1 = quoted',
  `created_at` datetime DEFAULT NULL,
  `cteated_by` varchar(50) DEFAULT NULL,
  `update_at` datetime DEFAULT NULL,
  `update_by` varchar(50) DEFAULT NULL,
  PRIMARY KEY (`request_form_id`)
) ENGINE=InnoDB DEFAULT CHARSET=utf8;

-- --------------------------------------------------------

--
-- Table structure for table `procurement_vendor`
--

CREATE TABLE IF NOT EXISTS `procurement_vendor` (
  `id` int(11) NOT NULL AUTO_INCREMENT,
  `vendor_name` varchar(200) DEFAULT NULL,
  `mobile_no` varchar(50) DEFAULT NULL,
  `email` varchar(100) DEFAULT NULL,
  `address` varchar(250) DEFAULT NULL,
  `city` varchar(50) DEFAULT NULL,
  `zip` varchar(100) DEFAULT NULL,
  `country` varchar(100) DEFAULT NULL,
  `previous_balance` varchar(20) DEFAULT NULL,
  `created_at` date DEFAULT NULL,
  `created_by` int(11) DEFAULT NULL,
  `updated_at` date DEFAULT NULL,
  `updated_by` int(11) DEFAULT NULL,
  PRIMARY KEY (`id`)
) ENGINE=InnoDB DEFAULT CHARSET=utf8;

-- --------------------------------------------------------

--
-- Table structure for table `units`
--

CREATE TABLE IF NOT EXISTS `units` (
  `id` int(11) NOT NULL AUTO_INCREMENT,
  `unit` varchar(200) DEFAULT NULL,
  `created_by` varchar(11) DEFAULT NULL,
  `created_at` datetime DEFAULT NULL,
  `update_by` varchar(11) DEFAULT NULL,
  `update_at` datetime DEFAULT NULL,
  PRIMARY KEY (`id`)
) ENGINE=InnoDB DEFAULT CHARSET=utf8;

--
-- Dumping data for table `units`
--

INSERT INTO `units` (`id`, `unit`, `created_by`, `created_at`, `update_by`, `update_at`) VALUES
(1, 'gm', '1', '2021-03-23 01:56:11', NULL, NULL),
(2, 'kg', '1', '2021-03-23 01:56:21', NULL, NULL),
(3, 'pcs', '1', '2021-03-23 01:56:26', NULL, NULL),
(4, 'pounds', '1', '2021-03-23 01:56:35', '1', '2021-03-27 10:45:53');

--
-- Table structure for table `pm_activity_logs`
--

CREATE TABLE `pm_activity_logs` (
  `activity_id` int(11) NOT NULL AUTO_INCREMENT,
  `description` text DEFAULT NULL,
  `user_id` varchar(11) DEFAULT NULL,
  `date_time` datetime DEFAULT NULL,
  PRIMARY KEY (`activity_id`)
) ENGINE=InnoDB DEFAULT CHARSET=utf8mb4;

--
-- Table structure for table `pm_clients`
--

CREATE TABLE `pm_clients` (
  `client_id` int(11) NOT NULL AUTO_INCREMENT,
  `company_name` varchar(250) DEFAULT NULL,
  `client_name` varchar(250) DEFAULT NULL,
  `email` varchar(250) DEFAULT NULL,
  `address` text DEFAULT NULL,
  `country` varchar(100) DEFAULT NULL,
  `created_at` datetime DEFAULT NULL,
  `created_by` varchar(11) DEFAULT NULL,
  `updated_at` datetime DEFAULT NULL,
  `updated_by` varchar(11) DEFAULT NULL,
  PRIMARY KEY (`client_id`)
) ENGINE=InnoDB DEFAULT CHARSET=utf8mb4;

--
-- Table structure for table `pm_employee_projects`
--

CREATE TABLE `pm_employee_projects` (
  `id` int(11) NOT NULL AUTO_INCREMENT,
  `project_id` varchar(11) DEFAULT NULL,
  `employee_id` varchar(11) DEFAULT NULL,
  `created_at` datetime DEFAULT NULL,
  `updated_at` datetime DEFAULT NULL,
  PRIMARY KEY (`id`)
) ENGINE=InnoDB DEFAULT CHARSET=utf8mb4;

--
-- Table structure for table `pm_projects`
--

CREATE TABLE `pm_projects` (
  `project_id` int(11) NOT NULL AUTO_INCREMENT,
  `first_parent_project_id` int(11) DEFAULT 0 COMMENT 'if create any new version of existing project. it will always remaan the first parent id.',
  `second_parent_project_id` int(20) DEFAULT 0 COMMENT 'it will use for backlogs task transfer.',
  `version_no` varchar(20) DEFAULT '1' COMMENT 'It will increment always, after creating new version, otherwise always 1',
  `project_name` varchar(250) DEFAULT NULL,
  `client_id` varchar(11) DEFAULT NULL,
  `project_lead` varchar(11) DEFAULT NULL,
  `approximate_tasks` varchar(50) DEFAULT NULL,
  `complete_tasks` varchar(20) DEFAULT NULL,
  `start_date` date DEFAULT NULL COMMENT 'when the first sprint is started of any project',
  `project_start_date` date DEFAULT NULL COMMENT 'On project creation, this date will be defined',
  `close_date` date DEFAULT NULL COMMENT 'when project is being closed from project update.',
  `project_duration` varchar(20) DEFAULT NULL,
  `completed_days` varchar(20) DEFAULT NULL COMMENT 'days passed from start date of the project',
  `project_summary` text DEFAULT NULL,
  `is_completed` varchar(11) DEFAULT '0' COMMENT 'can complete forcefully or manually be completed',
  `project_reward_point` varchar(20) NOT NULL DEFAULT '0' COMMENT 'this point will be given to all the employee of this project',
  `created_at` datetime DEFAULT NULL,
  `created_by` varchar(11) DEFAULT NULL,
  `updated_at` datetime DEFAULT NULL,
  `updated_by` varchar(11) DEFAULT NULL,
  PRIMARY KEY (`project_id`)
) ENGINE=InnoDB DEFAULT CHARSET=utf8mb4;

--
-- Table structure for table `pm_sprints`
--

CREATE TABLE `pm_sprints` (
  `sprint_id` int(11) NOT NULL AUTO_INCREMENT,
  `project_id` varchar(11) DEFAULT NULL COMMENT 'under a project',
  `sprint_name` varchar(500) DEFAULT NULL,
  `duration` varchar(50) DEFAULT NULL COMMENT 'in days',
  `start_date` date DEFAULT NULL,
  `close_date` date DEFAULT NULL,
  `sprint_goal` text DEFAULT NULL,
  `is_finished` int(3) DEFAULT 0,
  `created_at` datetime DEFAULT NULL,
  `created_by` varchar(11) DEFAULT NULL,
  `updated_at` datetime DEFAULT NULL,
  `updated_by` varchar(11) DEFAULT NULL,
  PRIMARY KEY (`sprint_id`)
) ENGINE=InnoDB DEFAULT CHARSET=utf8mb4;

--
-- Table structure for table `pm_tasks_list`
--

CREATE TABLE `pm_tasks_list` (
  `task_id` int(11) NOT NULL AUTO_INCREMENT,
  `project_id` varchar(11) DEFAULT NULL,
  `sprint_id` varchar(11) DEFAULT NULL,
  `summary` text DEFAULT NULL,
  `description` text DEFAULT NULL,
  `project_lead` varchar(11) DEFAULT NULL COMMENT 'Reporter of the project',
  `employee_id` varchar(11) DEFAULT NULL COMMENT 'Team members',
  `priority` int(5) DEFAULT NULL COMMENT 'high = 2 or 1 = medium or low = 0',
  `attachment` text DEFAULT NULL,
  `task_status` varchar(50) DEFAULT '1' COMMENT 'to do =1 , in progress = 2 or done = 3',
  `is_task` int(3) DEFAULT 0 COMMENT 'if 0 remain in backlogs else show in task',
  `created_at` datetime DEFAULT NULL,
  `created_by` varchar(11) DEFAULT NULL,
  `updated_at` datetime DEFAULT NULL,
  `updated_by` varchar(11) DEFAULT NULL,
  PRIMARY KEY (`task_id`)
) ENGINE=InnoDB DEFAULT CHARSET=utf8mb4;

--
-- Table structure for table `schdule_purchse_info`
--

CREATE TABLE `schdule_purchse_info` (
  `id` int(11) NOT NULL AUTO_INCREMENT,
  `purchase_key` varchar(100) DEFAULT NULL,
  `domain` varchar(200) DEFAULT NULL,
  `ip_address` varchar(100) DEFAULT NULL,
  `port` varchar(11) DEFAULT NULL,
  `created_at` datetime NOT NULL DEFAULT current_timestamp(),
  PRIMARY KEY (`id`)
) ENGINE=InnoDB DEFAULT CHARSET=utf8mb4;